id,firmano,bolumid,frmid,kont,konttr,konten,yetkialan,sfirmano,havuz,deguser,degtarsaat,olususer,olustarsaat,anafrmid,fat_fis_kont_id,Modul,kont_menu,Rap_id
73,,2,6,grpekle,Grup Ekle,,,,,,,,,,,,,
74,,2,6,grpduz,Grup Düzelt,,,,,,,,,,,,,
75,,2,6,grpsil,Grup Sil,,True,,,,,,,,,,,
76,,2,6,ToolButton1,Grup Kapa,,,,,,,,,,,,,
77,,2,6,ToolButton5,Yenile,,,,,,,,,,,,,
78,,2,6,tbtnFullCollapse,Grup Kapa,,,,,,,,,,,,,
79,,2,6,tbtnFullExpand,Grup Aç,,,,,,,,,,,,,
80,,2,6,tbtnPageSetup,Sayfa Ayarı,,,,,,,,,,,,,
81,,2,6,tbtnPreview,Ön İzleme,,,,,,,,,,,,,
82,,2,6,tbtnPrint,Print,,,,,,,,,,,,,
83,,2,6,tbtnDesigner,Dizayn,,,,,,,,,,,,,
84,,2,6,ToolButton6,Excel,,,,,,,,,,,,,
85,,2,6,ToolButton7,Grup Kapa,,,,,,,,,,,,,
86,,2,6,ToolButton8,Başlangıç Ayarı,,,,,,,,,,,,,
87,,2,6,ToolButton9,Genişlik Ayarı,,,,,,,,,,,,,
88,,2,6,ToolButton14,ToolButton14,,,,,,,,,,,,,
89,,2,6,yenile,Yenile,,,,,,,,,,,,,
90,,2,6,ToolButton2,Ok,,,,,,,,,,,,,
91,,2,6,tool_barkod_ara,Barkod Ara,,,,,,,,,,,,,
92,,2,6,butyeni,Yeni Kart,,True,,,,,,,,,,Yenikart,
93,,2,6,butbildeg,Bilgi Değiştir,,True,,,,,,,,,,BilgiDegistir,
94,,2,6,buthrk,Hareket Dökümü,,True,,,,,,,,,,,
95,,2,6,butcik,Çıkış,,,,,,,,,,,,,
96,,2,6,harici_btn,Harici İşlem,,True,,,,,,,,,,,
97,,2,6,butfat,Fatura,,True,,,,,,,,,,,
98,,2,6,Yenikart,Yeni Kart,,False,,,,,,,,,,,
99,,2,6,Bilgincele,Bilgi İncele,,,,,,,,,,,,,
100,,2,6,BilgiDegistir,Bilgi Değiştir,,False,,,,,,,,,,,
101,,2,6,HareketDkm,Hareket Dökümü,,True,,,,,,,,,,,
102,,2,6,Faturamen,Fatura,,True,,,,,,,,,,,
103,,2,6,Harisilem,Harici İşlem,,True,,,,,,,,,,,
104,,2,6,N3,-,,,,,,,,,,,,,
105,,2,6,YazarKasaStokGnder1,Yazar Kasa Stok Gönder,,True,,,,,,,,,,,
106,,2,6,Sharp4995t1,Sharp ER495T,,True,,,,,,,,,,,
107,,2,6,Olivetti0001,Olivetti OL7000,,True,,,,,,,,,,,
108,,2,6,HUGINER425TX1,HUGIN ER-425TX,,True,,,,,,,,,,,
109,,2,6,IbmGenius1,IBM Genius,,True,,,,,,,,,,,
110,,2,6,N1,-,,,,,,,,,,,,,
111,,2,6,silmenu,Kart Sil,,True,,,,,,,,,,,
112,,2,6,silnkartgermenu,Silinmiş Kartı Geri Al,,True,,,,,,,,,,,
113,,2,6,N2,-,,,,,,,,,,,,,
114,,2,6,Silinmi1,Silinmiş Kayıtları Göster,,True,,,,,,,,,,,
115,,4,4,tbtnPageSetup,Sayfa Ayarı,,,,,,,,,,,,,
116,,4,4,tbtnPreview,Ön İzleme,,,,,,,,,,,,,
117,,4,4,tbtnPrint,Print,,,,,,,,,,,,,
118,,4,4,tbtnDesigner,Dizayn,,,,,,,,,,,,,
119,,4,4,ToolButton6,Excel,,,,,,,,,,,,,
120,,4,4,ToolButton7,Grup Kapa,,,,,,,,,,,,,
121,,4,4,ToolButton8,Grup Kapa,,,,,,,,,,,,,
122,,4,4,ToolButton9,Grup Aç,,,,,,,,,,,,,
124,,4,4,ToolButton4,Başlangıç Ayarı,,,,,,,,,,,,,
125,,4,4,ToolButton1,Genişlik Ayarı,,,,,,,,,,,,,
126,,4,4,yenile,Yenile,,,,,,,,,,,,,
127,,4,4,ToolButton3,Ok,,,,,,,,,,,,,
128,,4,4,ToolButton2,Vardiya Rapor Seçimi,,True,,,,,,,,,,,
129,,4,4,ToolButton11,Grup Sil,,True,,,,,,,,,,,
130,,4,4,btn_merkezsec,Bütün Merkez Seç,,,,,,,,,,,,,
131,,4,4,cxLabel12,Baş - Bit. Tarihi,,,,,,,,,,,,,
132,,4,4,cxButton10,Ara,,,,,,,,,,,,,
133,,4,4,butyenvar,Yeni Vardiya,,True,,,,,,,,,,,
134,,4,4,cxButton2,Sayaçlı Satış,,True,,,,,,,,,,,
135,,4,4,cxButton3,Pos Satışları,,True,,,,,,,,,,,
136,,4,4,cxButton5,Veresiye Fiş,,True,,,,,,,,,,,
137,,4,4,cxButton7,Nakit Teslimat,,True,,,,,,,,,,,
138,,4,4,cxButton8,Vardiya Kapat,,True,,,,,,,,,,,
139,,4,4,cxButton9,Finans,,True,,,,,,,,,,,
140,,4,4,butcik,Çıkış - ESC,,,,,,,,,,,,,
141,,4,4,cxButton15,Yağ - Emtia Satış,,True,,,,,,,,,,,
142,,4,4,varrapbtn,Vardiya Raporu,,True,,,,,,,,,,,
143,,4,4,YeniVardiya1,Yeni Vardiya,,True,,,,,,,,,,,
144,,4,4,VardiyaAlBilgileri1,Vardiya Açılış Bilgileri,,True,,,,,,,,,,,
145,,4,4,N3,-,,,,,,,,,,,,,
146,,4,4,SayalSat1,Sayaçlı Satış,,True,,,,,,,,,,,
147,,4,4,PosSatlar1,Pos Satışları,,True,,,,,,,,,,,
148,,4,4,VeresiyeFi1,Veresiye Fiş,,True,,,,,,,,,,,
149,,4,4,NakitTeslimat1,Nakit Teslimat,,True,,,,,,,,,,,
150,,4,4,YaEmtiaSat1,Yağ - Emtia Satış,,True,,,,,,,,,,,
151,,4,4,Finans1,Finans,,True,,,,,,,,,,,
152,,4,4,VardiyaKapat1,Vardiya Kapat,,True,,,,,,,,,,,
153,,4,4,N2,-,,,,,,,,,,,,,
154,,4,4,VardiyaSil1,Vardiya Sil,,True,,,,,,,,,,,
155,,4,4,VaridyaGeriAl1,Vardiya Geri Al,,True,,,,,,,,,,,
156,,4,4,N1,-,,,,,,,,,,,,,
157,,4,4,Vardi1,Silinmiş Vardiyaları Göster,,True,,,,,,,,,,,
158,,2,7,tbtnPageSetup,Sayfa Ayarı,,,,,,,,,,,,,
159,,2,7,tbtnPreview,Ön İzleme,,,,,,,,,,,,,
160,,2,7,tbtnPrint,Print,,,,,,,,,,,,,
161,,2,7,tbtnDesigner,Dizayn,,,,,,,,,,,,,
162,,2,7,ToolButton6,Excel,,,,,,,,,,,,,
163,,2,7,ToolButton7,Grup Kapa,,,,,,,,,,,,,
164,,2,7,ToolButton1,Başlangıç Ayarı,,,,,,,,,,,,,
165,,2,7,ToolButton2,Genişlik Ayarı,,,,,,,,,,,,,
166,,2,7,ToolButton3,Toolbutton3,,,,,,,,,,,,,
167,,2,7,yenile,Yenile,,,,,,,,,,,,,
168,,2,7,buthrk,Hareket Dökümü,,True,,,,,,,,,,,
169,,2,7,butfat,Fatura,,True,,,,,,,,,,,
170,,2,7,butcik,Çıkış,,,,,,,,,,,,,
171,,2,7,butyeni,Yeni Kart,,True,,,,,,,,,,YaniTank1,
172,,2,7,butbildeg,Bilgi Değiştir,,True,,,,,,,,,,BilgiDeitir1,
173,,2,7,YaniTank1,Yeni Kart,,False,,,,,,,,,,,
174,,2,7,Bilgincele1,Bilgi İncele,,,,,,,,,,,,,
175,,2,7,BilgiDeitir1,Bilgi Değiştir,,False,,,,,,,,,,,
176,,2,7,HareketDkm1,Hareket Dökümü,,True,,,,,,,,,,,
177,,2,7,FAtura1,Fatura,,True,,,,,,,,,,,
178,,2,7,N1,-,,,,,,,,,,,,,
179,,2,7,ankSil1,Kart Sil,,True,,,,,,,,,,,
180,,2,7,SilinmiKartGeriAl1,Silinmiş Kartı Geri Al,,True,,,,,,,,,,,
181,,2,7,N2,-,,,,,,,,,,,,,
182,,2,7,Silinmi1,Silinmiş Kayıtları Göster,,True,,,,,,,,,,,
183,,2,8,tbtnPageSetup,Sayfa Ayarı,,,,,,,,,,,,,
184,,2,8,tbtnPreview,Ön İzleme,,,,,,,,,,,,,
185,,2,8,tbtnPrint,Print,,,,,,,,,,,,,
186,,2,8,tbtnDesigner,Dizayn,,,,,,,,,,,,,
187,,2,8,ToolButton6,Excel,,,,,,,,,,,,,
188,,2,8,ToolButton7,Grup Kapa,,,,,,,,,,,,,
189,,2,8,ToolButton11,Başlangıç Ayarı,,,,,,,,,,,,,
190,,2,8,ToolButton1,Genişlik Ayarı,,,,,,,,,,,,,
191,,2,8,ToolButton2,ToolButton2,,,,,,,,,,,,,
192,,2,8,yenile,Yenile,,,,,,,,,,,,,
193,,2,8,harici_btn,Harici İşlem,,True,,,,,,,,,,,
194,,2,8,butcik,Çıkış,,,,,,,,,,,,,
195,,2,8,butyeni,Yeni Tank,,True,,,,,,,,,,,
196,,2,8,cxButton3,Tank Transfer,,True,,,,,,,,,,,
197,,2,8,cxButton4,Ölçüm - Fire,,True,,,,,,,,,,,
198,,2,8,butbildeg,Bilgi Değiştir,,True,,,,,,,,,,,
199,,2,8,buthrk,Hareket Dökümü,,True,,,,,,,,,,,
200,,2,8,YaniTank1,Yeni Tank,,True,,,,,,,,,,,
201,,2,8,Bilgincele1,Bilgi İncele,,,,,,,,,,,,,
202,,2,8,BilgiDeitir1,Bilgi Değiştir,,True,,,,,,,,,,,
203,,2,8,HareketDkm1,Hareket Dökümü,,True,,,,,,,,,,,
204,,2,8,ankTransfer1,Tank Transfer,,True,,,,,,,,,,,
205,,2,8,Fire1,Fire,,True,,,,,,,,,,,
206,,2,8,Harisilem,Harici İşlem,,True,,,,,,,,,,,
207,,2,8,N1,-,,,,,,,,,,,,,
208,,2,8,ankSil1,Tank Sil,,True,,,,,,,,,,,
209,,2,8,SilinmiKartGeriAl1,Silinmiş Kartı Geri Al,,True,,,,,,,,,,,
210,,2,8,N2,-,,,,,,,,,,,,,
211,,2,8,Silinmi1,Silinmiş Kayıtları Göster,,True,,,,,,,,,,,
212,,2,9,ToolButton2,Grup Ekle,,,,,,,,,,,,,
213,,2,9,ToolButton16,Grup Düzelt,,,,,,,,,,,,,
214,,2,9,ToolButton3,Grup Sil,,True,,,,,,,,,,,
215,,2,9,ToolButton1,Grup Kapa,,,,,,,,,,,,,
216,,2,9,tbtnFullCollapse,Grup Kapa,,,,,,,,,,,,,
217,,2,9,tbtnFullExpand,Grup Aç,,,,,,,,,,,,,
218,,2,9,ToolButton4,ToolButton4,,,,,,,,,,,,,
219,,2,9,tbtnPageSetup,Sayfa Ayarı,,,,,,,,,,,,,
220,,2,9,tbtnPreview,Ön Izleme,,,,,,,,,,,,,
221,,2,9,tbtnPrint,Print,,,,,,,,,,,,,
222,,2,9,tbtnDesigner,Dizayn,,,,,,,,,,,,,
223,,2,9,ToolButton6,Excel,,,,,,,,,,,,,
224,,2,9,ToolButton7,Grup Kapa,,,,,,,,,,,,,
225,,2,9,ToolButton24,Başlangıç Ayarı,,,,,,,,,,,,,
226,,2,9,ToolButton25,Genişlik Ayarı,,,,,,,,,,,,,
227,,2,9,ToolButton26,ToolButton26,,,,,,,,,,,,,
228,,2,9,yenile,Yenile,,,,,,,,,,,,,
229,,2,9,cxButton2,Veresiye Fiş İşlemleri,,True,,,,,,,,,,,
230,,2,9,cxButton3,Litre Takibi,,True,,,,,,,,,,,
231,,2,9,b_a_dekont,B / A  Dekont,,True,,,,,,,,,,BADekont1,
232,,2,9,butfat,Fatura,,True,,,,,,,,,,,
233,,2,9,butyeni,Yeni Kart,,True,,,,,,,,,,YaniTank1,
234,,2,9,cxButton15,Tahsilat-Ödeme,,True,,,,,,,,,,,
235,,2,9,butcik,Çıkış - ESC,,,,,,,,,,,,,
236,,2,9,butbildeg,Bilgi Değiştir,,True,,,,,,,,,,BilgiDeitir1,
237,,2,9,buthrk,Hareket Dökümü,,True,,,,,,,,,,,
238,,2,9,cxButton5,Vade Farkı,,True,,,,,,,,,,,
239,,2,9,YaniTank1,Yeni Kart,,False,,,,,,,,,,,
240,,2,9,Bilgincele1,Bilgi İncele,,,,,,,,,,,,,
241,,2,9,BilgiDeitir1,Bilgi Değiştir,,False,,,,,,,,,,,
242,,2,9,HareketDkm1,Hareket Dökümü,,True,,,,,,,,,,,
243,,2,9,CariHareketFiDkm1,Cari Hareket - Fiş Dökümü,,True,,,,,,,,,,,
244,,2,9,VeresiyeFilemleri1,Veresiye Fiş İşlemleri,,True,,,,,,,,,,,
245,,2,9,FAtura1,Fatura,,True,,,,,,,,,,,
246,,2,9,LitreTakibi1,Litre Takibi,,True,,,,,,,,,,,
247,,2,9,VadeFark1,Vade Farkı,,True,,,,,,,,,,,
248,,2,9,ahsilat1,Tahsilat,,True,,,,,,,,,,,
1429,,2,84,BilgiDeitir1,Bilgi Değiştir,,True,,,,,,,,,,,
250,,2,9,N1,-,,,,,,,,,,,,,
251,,2,9,ankSil1,Kart Sil,,True,,,,,,,,,,,
252,,2,9,SilinmiKArtGeriAl1,Silinmiş Kartı Geri Al,,True,,,,,,,,,,,
253,,2,9,N2,-,,,,,,,,,,,,,
254,,2,9,Silinmi1,Silinmiş Kayıtları Göster,,True,,,,,,,,,,,
255,,2,10,tbtnPageSetup,Sayfa Ayarı,,,,,,,,,,,,,
256,,2,10,tbtnPreview,Ön İzleme,,,,,,,,,,,,,
257,,2,10,tbtnPrint,Print,,,,,,,,,,,,,
258,,2,10,tbtnDesigner,Dizayn,,,,,,,,,,,,,
259,,2,10,ToolButton6,Excel,,,,,,,,,,,,,
260,,2,10,ToolButton7,Grup Kapa,,,,,,,,,,,,,
261,,2,10,ToolButton14,Başlangıç Ayarı,,,,,,,,,,,,,
262,,2,10,ToolButton15,Genişlik Ayarı,,,,,,,,,,,,,
263,,2,10,ToolButton16,ToolButton16,,,,,,,,,,,,,
264,,2,10,yenile,Yenile,,,,,,,,,,,,,
265,,2,10,ToolButton2,Grup Ekle,,,,,,,,,,,,,
266,,2,10,ToolButton13,Grup Düzelt,,,,,,,,,,,,,
267,,2,10,ToolButton3,Grup Sil,,True,,,,,,,,,,,
268,,2,10,ToolButton1,Grup Kapa,,,,,,,,,,,,,
269,,2,10,tbtnFullCollapse,Grup Kapa,,,,,,,,,,,,,
270,,2,10,tbtnFullExpand,Grup Aç,,,,,,,,,,,,,
271,,2,10,ToolButton4,ToolButton4,,,,,,,,,,,,,
272,,2,10,cxButton3,Maaş Avans,,True,,,,,,,,,,,
273,,2,10,cxButton4,B / A  Dekont,,True,,,,,,,,,,,
274,,2,10,cxButton6,Maaş Tahakkuk,,True,,,,,,,,,,,
275,,2,10,butcik,Çıkış - ESC,,,,,,,,,,,,,
276,,2,10,butyeni,Yeni Kart,,True,,,,,,,,,,,
277,,2,10,butbildeg,Bilgi Değiştir,,True,,,,,,,,,,,
278,,2,10,buthrk,Hareket Dökümü,,True,,,,,,,,,,,
279,,2,10,btnveresi,Veresiye Fiş İşlemleri,,True,,,,,,,,,,,
280,,2,10,YaniTank1,Yeni Kart,,True,,,,,,,,,,,
281,,2,10,Bilgincele1,Bilgi İncele,,,,,,,,,,,,,
282,,2,10,BilgiDeitir1,Bilgi Değiştir,,True,,,,,,,,,,,
283,,2,10,HareketDkm1,Hareket Dökümü,,True,,,,,,,,,,,
284,,2,10,VeresiyeFilemleri1,Veresiye Fiş İşlemleri,,True,,,,,,,,,,,
285,,2,10,N2,-,,,,,,,,,,,,,
286,,2,10,FAtura1,Maaş Avans,,True,,,,,,,,,,,
287,,2,10,MaaTahakuk1,Maaş Tahakuk,,True,,,,,,,,,,,
288,,2,10,BAGirii1,B / A Dekont,,True,,,,,,,,,,,
289,,2,10,N1,-,,,,,,,,,,,,,
290,,2,10,ankSil1,Kart Sil,,True,,,,,,,,,,,
291,,2,10,SilinmiKartGeriAl1,Silinmiş Kartı Geri Al,,True,,,,,,,,,,,
292,,2,10,N3,-,,,,,,,,,,,,,
293,,2,10,Silinmi1,Silinmiş Kayıtları Göster,,True,,,,,,,,,,,
294,,2,11,ToolButton2,Grup Aç,,,,,,,,,,,,,
295,,2,11,ToolButton14,Grup Düzelt,,,,,,,,,,,,,
296,,2,11,ToolButton3,Grup Sil,,True,,,,,,,,,,,
297,,2,11,ToolButton1,Grup Kapa,,,,,,,,,,,,,
298,,2,11,tbtnFullCollapse,Grup Kapa,,,,,,,,,,,,,
299,,2,11,tbtnFullExpand,Grup Aç,,,,,,,,,,,,,
300,,2,11,ToolButton4,ToolButton4,,,,,,,,,,,,,
301,,2,11,tbtnPageSetup,Sayfa Ayarı,,,,,,,,,,,,,
302,,2,11,tbtnPreview,Ön İzleme,,,,,,,,,,,,,
303,,2,11,tbtnPrint,Print,,,,,,,,,,,,,
304,,2,11,tbtnDesigner,Dizayn,,,,,,,,,,,,,
305,,2,11,ToolButton6,Excel,,,,,,,,,,,,,
306,,2,11,ToolButton7,Grup Kapa,,,,,,,,,,,,,
307,,2,11,ToolButton8,Grup Kapa,,,,,,,,,,,,,
308,,2,11,ToolButton9,Grup Aç,,,,,,,,,,,,,
309,,2,11,ToolButton10,ToolButton4,,,,,,,,,,,,,
310,,2,11,ToolButton13,Başlangıç Ayarı,,,,,,,,,,,,,
311,,2,11,ToolButton15,Genişlik Ayarı,,,,,,,,,,,,,
312,,2,11,ToolButton16,Grup Düzelt,,,,,,,,,,,,,
313,,2,11,yenile,Yenile,,,,,,,,,,,,,
314,,2,11,butcik,Çıkış,,,,,,,,,,,,,
315,,2,11,butyeni,Yeni Kart,,True,,,,,,,,,,,
316,,2,11,buthrk,Hareket Dökümü,,True,,,,,,,,,,,
317,,2,11,butbildeg,Bilgi Değiştir,,True,,,,,,,,,,,
318,,2,11,butfat,Fatura,,True,,,,,,,,,,,
319,,2,11,cxButton1,Tahsilat-Ödeme,,True,,,,,,,,,,,
320,,2,11,cxButton3,B / A  Dekont,,True,,,,,,,,,,,
321,,2,11,cxButton5,Gider Fişi,,True,,,,,,,,,,,
322,,2,11,btnveresi,Veresiye Fiş İşlemleri,,True,,,,,,,,,,,
323,,2,11,YaniTank1,Yeni Kart,,True,,,,,,,,,,,
324,,2,11,Bilgincele1,Bilgi İncele,,,,,,,,,,,,,
325,,2,11,BilgiDeitir1,Bilgi Değiştir,,True,,,,,,,,,,,
326,,2,11,HareketDkm1,Hareket Dökümü,,True,,,,,,,,,,,
327,,2,11,VeresiyeFi1,Gider Fişi,,True,,,,,,,,,,,
328,,2,11,FAtura1,Fatura,,True,,,,,,,,,,,
329,,2,11,ahsilat1,Tahsilat,,True,,,,,,,,,,,
330,,2,11,BADekontu1,B / A Dekontu,,True,,,,,,,,,,,
331,,2,11,N1,-,,,,,,,,,,,,,
332,,2,11,ankSil1,Kart Sil,,True,,,,,,,,,,,
333,,2,11,SilinmiKartGeriAl1,Silinmiş Kartı Geri Al,,True,,,,,,,,,,,
334,,2,11,N2,-,,,,,,,,,,,,,
335,,2,11,Silinmi1,Silinmiş Kayıtları Göster,,True,,,,,,,,,,,
336,,2,12,ToolButton2,Grup Ekle,,,,,,,,,,,,,
337,,2,12,ToolButton5,Grup Düzelt,,,,,,,,,,,,,
338,,2,12,ToolButton3,Grup Sil,,True,,,,,,,,,,,
339,,2,12,ToolButton1,Grup Kapa,,,,,,,,,,,,,
340,,2,12,tbtnFullCollapse,Grup Kapa,,,,,,,,,,,,,
341,,2,12,tbtnFullExpand,Grup Aç,,,,,,,,,,,,,
342,,2,12,ToolButton4,ToolButton4,,,,,,,,,,,,,
343,,2,12,tbtnPageSetup,Sayfa Ayarı,,,,,,,,,,,,,
344,,2,12,tbtnPreview,Ön İzleme,,,,,,,,,,,,,
345,,2,12,tbtnPrint,Print,,,,,,,,,,,,,
346,,2,12,tbtnDesigner,Dizayn,,,,,,,,,,,,,
347,,2,12,ToolButton6,Excel,,,,,,,,,,,,,
348,,2,12,ToolButton7,Grup Kapa,,,,,,,,,,,,,
349,,2,12,ToolButton13,Başlangıç Ayarı,,,,,,,,,,,,,
350,,2,12,ToolButton8,Genişlik Ayarı,,,,,,,,,,,,,
351,,2,12,ToolButton11,Çıkış - ESC,,,,,,,,,,,,,
352,,2,12,yenile,Yenile,,,,,,,,,,,,,
353,,2,12,butcik,Çıkış -ESC,,,,,,,,,,,,,
354,,2,12,butyeni,Yeni Kart,,True,,,,,,,,,,,
355,,2,12,butbildeg,Bilgi Değiştir,,True,,,,,,,,,,,
356,,2,12,buthrk,Hareket Dökümü,,True,,,,,,,,,,,
357,,2,12,cxButton1,Banka Virman,,True,,,,,,,,,,,
358,,2,12,cxButton3,Bankadan Döviz Al / Sat,,True,,,,,,,,,,,
359,,2,12,cxButton2,Havale / EFT,,True,,,,,,,,,,,
360,,2,12,b_a_dekont,B / A  Dekont,,True,,,,,,,,,,,
361,,2,12,YaniTank1,Yeni Kart,,True,,,,,,,,,,,
362,,2,12,Bilgincele1,Bilgi İncele,,,,,,,,,,,,,
363,,2,12,BilgiDeitir1,Bilgi Değiştir,,True,,,,,,,,,,,
364,,2,12,HareketDkm1,Hareket Dökümü,,True,,,,,,,,,,,
365,,2,12,HavaleEFT1,Havale / EFT,,True,,,,,,,,,,,
366,,2,12,BankaVirman1,Banka Virman,,True,,,,,,,,,,,
367,,2,12,BADekont1,B / A Dekont,,True,,,,,,,,,,,
368,,2,12,BAnkadanDvizAlSat1,Bankadan Döviz Al / Sat,,True,,,,,,,,,,,
369,,2,12,N1,-,,,,,,,,,,,,,
370,,2,12,ankSil1,Kart Sil,,True,,,,,,,,,,,
371,,2,12,SilinmiKartGeriAl1,Silinmiş Kartı Geri Al,,True,,,,,,,,,,,
372,,2,12,N2,-,,,,,,,,,,,,,
373,,2,12,Silinmi1,Silinmiş Kayıtları Göster,,True,,,,,,,,,,,
374,,2,13,ToolButton2,Grup Ekle,,,,,,,,,,,,,
375,,2,13,ToolButton16,Grup Düzelt,,,,,,,,,,,,,
376,,2,13,ToolButton3,Grup Sil,,True,,,,,,,,,,,
377,,2,13,ToolButton1,Grup Kapa,,,,,,,,,,,,,
378,,2,13,tbtnFullCollapse,Grup Kapa,,,,,,,,,,,,,
379,,2,13,tbtnFullExpand,Grup Aç,,,,,,,,,,,,,
380,,2,13,ToolButton4,ToolButton4,,,,,,,,,,,,,
381,,2,13,tbtnPageSetup,Sayfa Ayarı,,,,,,,,,,,,,
382,,2,13,tbtnPreview,Ön İzleme,,,,,,,,,,,,,
383,,2,13,tbtnPrint,Print,,,,,,,,,,,,,
384,,2,13,tbtnDesigner,Dizayn,,,,,,,,,,,,,
385,,2,13,ToolButton6,Excel,,,,,,,,,,,,,
386,,2,13,ToolButton7,Grup Kapa,,,,,,,,,,,,,
387,,2,13,ToolButton8,Grup Kapa,,,,,,,,,,,,,
388,,2,13,ToolButton9,Grup Aç,,,,,,,,,,,,,
389,,2,13,ToolButton10,ToolButton4,,,,,,,,,,,,,
390,,2,13,ToolButton24,Başlangıç Ayarı,,,,,,,,,,,,,
391,,2,13,ToolButton25,Genişlik Ayarı,,,,,,,,,,,,,
392,,2,13,ToolButton26,ToolButton26,,,,,,,,,,,,,
393,,2,13,yenile,Yenile,,,,,,,,,,,,,
394,,2,13,butyeni,Yeni Kart,,True,,,,,,,,,,,
395,,2,13,butcik,Çıkış - ESC,,,,,,,,,,,,,
396,,2,13,butbildeg,Bilgi Değiştir,,True,,,,,,,,,,,
397,,2,13,butpuan,Puan Dökümü,,True,,,,,,,,,,,
398,,2,13,cxButton4,Puan İşlemleri,,True,,,,,,,,,,,
399,,2,13,buthrk,Hareket Dökümü,,True,,,,,,,,,,,
400,,2,13,YaniTank1,Yeni Kart,,True,,,,,,,,,,,
401,,2,13,Bilgincele1,Bilgi İncele,,,,,,,,,,,,,
402,,2,13,BilgiDeitir1,Bilgi Değiştir,,True,,,,,,,,,,,
403,,2,13,HareketDkm1,Puan Dökümü,,True,,,,,,,,,,,
404,,2,13,FAtura1,Puan İşlemleri,,True,,,,,,,,,,,
405,,2,13,N1,-,,,,,,,,,,,,,
406,,2,13,ankSil1,Kart Sil,,True,,,,,,,,,,,
407,,2,13,SilinmiKartGeriAl1,Silinmiş Kartı Geri Al,,True,,,,,,,,,,,
408,,2,13,N2,-,,,,,,,,,,,,,
409,,2,13,Silinmi1,Silinmiş Kayıtları Göster,,True,,,,,,,,,,,
410,,2,14,tbtnPageSetup,Sayfa Ayarı,,,,,,,,,,,,,
411,,2,14,tbtnPreview,Ön İzleme,,,,,,,,,,,,,
412,,2,14,tbtnPrint,Print,,,,,,,,,,,,,
413,,2,14,tbtnDesigner,Dizayn,,,,,,,,,,,,,
414,,2,14,ToolButton6,Excel,,,,,,,,,,,,,
415,,2,14,ToolButton7,Grup Kapa,,,,,,,,,,,,,
416,,2,14,ToolButton2,Başlangıç Ayarı,,,,,,,,,,,,,
417,,2,14,ToolButton3,Genişlik Ayarı,,,,,,,,,,,,,
418,,2,14,yenile,Yenile,,,,,,,,,,,,,
419,,2,14,ToolButton1,Ok,,,,,,,,,,,,,
420,,2,14,ToolButton4,ToolButton4,,,,,,,,,,,,,
421,,2,14,ToolButton9,Grup Aç,,,,,,,,,,,,,
422,,2,14,ToolButton8,Grup Kapa,,,,,,,,,,,,,
423,,2,14,ToolButton5,Grup Aç,,,,,,,,,,,,,
424,,2,14,butcik,Çıkış - ESC,,,,,,,,,,,,,
425,,2,14,cxButton2,Hesaba Aktar,,True,,,,,,,,,,,
426,,2,14,cxButton3,Yeni Slip Giriş,,True,,,,,,,,,,,
427,,2,14,butyeni,Yeni Pos,,True,,,,,,,,,,,
428,,2,14,butbildeg,Bilgi Değiştir,,True,,,,,,,,,,,
429,,2,14,buthrk,Hareket Dökümü,,True,,,,,,,,,,,
430,,2,14,YaniTank1,Yeni Kart,,True,,,,,,,,,,,
431,,2,14,Bilgincele1,Bilgi İncele,,,,,,,,,,,,,
432,,2,14,FAtura1,Bilgi Değiştir,,True,,,,,,,,,,,
433,,2,14,HareketDkm1,Hareket Dökümü,,True,,,,,,,,,,,
434,,2,14,YeniSlip1,Yeni Slip,,True,,,,,,,,,,,
435,,2,14,HesabaAktar1,Hesaba Aktar,,True,,,,,,,,,,,
436,,2,14,N1,-,,,,,,,,,,,,,
437,,2,14,ankSil1,Kart Sil,,True,,,,,,,,,,,
438,,2,14,SilinmiKartGeriAl1,Silinmiş Kartı Geri Al,,True,,,,,,,,,,,
439,,2,14,N2,-,,,,,,,,,,,,,
440,,2,14,Silinmi1,Silinmiş Kayıtları Göster,,True,,,,,,,,,,,
441,,2,15,tbtnPageSetup,Sayfa Ayarı,,,,,,,,,,,,,
442,,2,15,tbtnPreview,Ön İzleme,,,,,,,,,,,,,
443,,2,15,tbtnPrint,Print,,,,,,,,,,,,,
444,,2,15,tbtnDesigner,Dizayn,,,,,,,,,,,,,
445,,2,15,ToolButton6,Excel,,,,,,,,,,,,,
446,,2,15,ToolButton7,Grup Kapa,,,,,,,,,,,,,
447,,2,15,ToolButton8,Grup Kapa,,,,,,,,,,,,,
448,,2,15,ToolButton9,Grup Aç,,,,,,,,,,,,,
449,,2,15,ToolButton10,ToolButton4,,,,,,,,,,,,,
450,,2,15,ToolButton13,Başlangıç Ayarı,,,,,,,,,,,,,
451,,2,15,ToolButton1,Genişlik Ayarı,,,,,,,,,,,,,
452,,2,15,ToolButton2,Grup Düzelt,,,,,,,,,,,,,
453,,2,15,yenile,Yenile,,,,,,,,,,,,,
454,,2,15,butcik,Çıkış,,,,,,,,,,,,,
455,,2,15,butyeni,Yeni Kart,,True,,,,,,,,,,,
456,,2,15,butbildeg,Bilgi Değiştir,,True,,,,,,,,,,,
457,,2,15,buthrk,Hareket Dökümü,,True,,,,,,,,,,,
458,,2,15,YaniTank1,Yeni Kart,,True,,,,,,,,,,,
459,,2,15,Bilgincle1,Bilgi İncele,,,,,,,,,,,,,
460,,2,15,BilgiDeitir1,Bilgi Değiştir,,True,,,,,,,,,,,
461,,2,15,HareketDkm1,Hareket Dökümü,,True,,,,,,,,,,,
462,,2,15,N1,-,,,,,,,,,,,,,
463,,2,15,ankSil1,Kart Sil,,True,,,,,,,,,,,
464,,2,15,SilinmiKartGeriAl1,Silinmiş Kartı Geri Al,,True,,,,,,,,,,,
465,,2,15,N2,-,,,,,,,,,,,,,
466,,2,15,Silinmi1,Silinmiş Kayıtları Göster,,True,,,,,,,,,,,
467,,2,16,ToolButton2,Grup Ekle,,,,,,,,,,,,,
468,,2,16,ToolButton5,Grup Düzelt,,,,,,,,,,,,,
469,,2,16,ToolButton3,Grup Sil,,True,,,,,,,,,,,
470,,2,16,ToolButton1,Grup Kapa,,,,,,,,,,,,,
471,,2,16,tbtnFullCollapse,Grup Kapa,,,,,,,,,,,,,
472,,2,16,tbtnFullExpand,Grup Aç,,,,,,,,,,,,,
473,,2,16,ToolButton4,ToolButton4,,,,,,,,,,,,,
474,,2,16,tbtnPageSetup,Sayfa Ayarı,,,,,,,,,,,,,
475,,2,16,tbtnPreview,Ön İzleme,,,,,,,,,,,,,
476,,2,16,tbtnPrint,Print,,,,,,,,,,,,,
477,,2,16,tbtnDesigner,Dizayn,,,,,,,,,,,,,
478,,2,16,ToolButton6,Excel,,,,,,,,,,,,,
479,,2,16,ToolButton7,Grup Kapa,,,,,,,,,,,,,
480,,2,16,ToolButton8,Başalngıç Ayarı,,,,,,,,,,,,,
481,,2,16,ToolButton9,Genişlik Ayarı,,,,,,,,,,,,,
482,,2,16,ToolButton10,Excel,,,,,,,,,,,,,
483,,2,16,yenile,Yenile,,,,,,,,,,,,,
484,,2,16,cxButton5,Sayaça Yağ Dök,,True,,,,,,,,,,,
485,,2,16,butcik,Çıkış,,,,,,,,,,,,,
486,,2,16,butyeni,Yeni Sayaç,,True,,,,,,,,,,,
487,,2,16,butbildeg,Bilgi Değiştir,,True,,,,,,,,,,,
488,,2,16,buthrk,Hareket Dökümü,,True,,,,,,,,,,,
489,,2,16,cxButton1,Endeks Düzelt,,True,,,,,,,,,,,
490,,2,16,YaniTank1,Yeni Kart,,True,,,,,,,,,,,
491,,2,16,Bilgincele1,Bilgi İncele,,,,,,,,,,,,,
492,,2,16,BilgiDeitir1,Bilgi Değiştir,,True,,,,,,,,,,,
493,,2,16,HareketDkm1,Hareket Dökümü,,True,,,,,,,,,,,
494,,2,16,SayaaYaDk1,Sayaça Yağ Dök,,True,,,,,,,,,,,
495,,2,16,EndeksDzelt1,Endeks Düzelt,,True,,,,,,,,,,,
496,,2,16,N1,-,,,,,,,,,,,,,
497,,2,16,ankSil1,Kart Sil,,True,,,,,,,,,,,
498,,2,16,SilinmiKartGeriAl1,Silinmiş Kartı Geri Al,,True,,,,,,,,,,,
499,,2,16,N2,-,,,,,,,,,,,,,
500,,2,16,Silinmi1,Silinmiş Kayıtları Göster,,True,,,,,,,,,,,
629,,1,18,butyeni,Yeni Depo,,True,,,,,,,,,,,
630,,1,18,cxButton11,Çıkış,,,,,,,,,,,,,
631,,1,18,butbildeg,Bilgi Değiştir,,True,,,,,,,,,,,
632,,1,18,tbtnPageSetup,Sayfa Ayarı,,,,,,,,,,,,,
633,,1,18,tbtnPreview,Ön İzleme,,,,,,,,,,,,,
634,,1,18,tbtnPrint,Print,,,,,,,,,,,,,
635,,1,18,tbtnDesigner,Dizayn,,,,,,,,,,,,,
636,,1,18,ToolButton6,Excel,,,,,,,,,,,,,
637,,1,18,ToolButton7,Grup Kapa,,,,,,,,,,,,,
638,,1,18,ToolButton8,Grup Kapa,,,,,,,,,,,,,
639,,1,18,ToolButton9,Grup Aç,,,,,,,,,,,,,
640,,1,18,ToolButton10,ToolButton4,,,,,,,,,,,,,
641,,1,18,ToolButton1,Yenile,,,,,,,,,,,,,
642,,1,18,ToolButton2,Genişlik Ayarı,,,,,,,,,,,,,
643,,1,18,YeniDepoKart1,Yeni Depo Kartı,,True,,,,,,,,,,,
644,,1,18,Bilgincele1,Bilgi İncele,,,,,,,,,,,,,
645,,1,18,BilgiDeitir1,Bilgi Değiştir,,True,,,,,,,,,,,
646,,1,18,N1,-,,,,,,,,,,,,,
647,,1,18,KartSil1,Kart Sil,,True,,,,,,,,,,,
648,,1,18,SilinmiKartGeriAl1,Silinmiş Kartı Geri Al,,True,,,,,,,,,,,
649,,1,18,N2,-,,,,,,,,,,,,,
650,,1,18,Silinmi1,Silinmiş Kayıtları Göster,,True,,,,,,,,,,,
656,,1,20,tbtnPageSetup,Sayfa Ayarı,,,,,,,,,,,,,
657,,1,20,tbtnPreview,Ön İzleme,,,,,,,,,,,,,
658,,1,20,tbtnPrint,Print,,,,,,,,,,,,,
659,,1,20,tbtnDesigner,Dizayn,,,,,,,,,,,,,
660,,1,20,ToolButton6,Excel,,,,,,,,,,,,,
661,,1,20,ToolButton7,Grup Kapa,,,,,,,,,,,,,
662,,1,20,ToolButton8,Grup Kapa,,,,,,,,,,,,,
663,,1,20,ToolButton9,Grup Aç,,,,,,,,,,,,,
664,,1,20,ToolButton10,ToolButton4,,,,,,,,,,,,,
665,,1,20,ToolButton3,Başlangıç Ayarı,,,,,,,,,,,,,
666,,1,20,ToolButton2,Genişlik Ayarı,,,,,,,,,,,,,
667,,1,20,ToolButton1,Yenile,,,,,,,,,,,,,
668,,1,20,butyeni,Kur Girişi,,True,,,,,,,,,,,
669,,1,20,cxButton11,Çıkış,,,,,,,,,,,,,
670,,1,20,butbildeg,Bilgi Değiştir,,True,,,,,,,,,,,
671,,1,20,YaniTank1,Kur Girişi,,True,,,,,,,,,,,
672,,1,20,BilgiDeitir1,Bilgi Değiştir,,True,,,,,,,,,,,
673,,1,20,N1,-,,,,,,,,,,,,,
674,,1,20,ankSil1,Kayıt Sil,,True,,,,,,,,,,,
675,,1,20,Silinmi1,Silinmiş Kayıtları Göster,,True,,,,,,,,,,,
676,,1,21,ToolButton2,Grup Ekle,,,,,,,,,,,,,
677,,1,21,ToolButton16,Grup Düzelt,,,,,,,,,,,,,
678,,1,21,ToolButton3,Grup Sil,,True,,,,,,,,,,,
679,,1,21,ToolButton1,Grup Kapa,,,,,,,,,,,,,
680,,1,21,tbtnFullCollapse,Grup Kapa,,,,,,,,,,,,,
681,,1,21,tbtnFullExpand,Grup Aç,,,,,,,,,,,,,
682,,1,21,ToolButton4,ToolButton4,,,,,,,,,,,,,
683,,1,21,tbtnPageSetup,Sayfa Ayarı,,,,,,,,,,,,,
684,,1,21,tbtnPreview,Ön İzleme,,,,,,,,,,,,,
685,,1,21,tbtnPrint,Print,,,,,,,,,,,,,
686,,1,21,tbtnDesigner,Dizayn,,,,,,,,,,,,,
687,,1,21,ToolButton6,Excel,,,,,,,,,,,,,
688,,1,21,ToolButton7,Grup Kapa,,,,,,,,,,,,,
689,,1,21,ToolButton8,Grup Kapa,,,,,,,,,,,,,
690,,1,21,ToolButton9,Grup Aç,,,,,,,,,,,,,
691,,1,21,ToolButton10,ToolButton4,,,,,,,,,,,,,
692,,1,21,ToolButton24,Başlangıç Ayarı,,,,,,,,,,,,,
693,,1,21,ToolButton25,Genişlik Ayarı,,,,,,,,,,,,,
694,,1,21,ToolButton26,ToolButton26,,,,,,,,,,,,,
695,,1,21,yenile,Yenile,,,,,,,,,,,,,
696,,1,21,butyeni,Yeni Kullanıcı,,True,,,,,,,,,,,
697,,1,21,butcik,Çıkış - ESC,,,,,,,,,,,,,
698,,1,21,butbildeg,Bilgi Değiştir,,True,,,,,,,,,,,
699,,1,21,bt_yetki,Yetkiler,,True,,,,,,,,,,,
700,,1,21,BilgiDeitir1,Yeni Kullanıcı,,True,,,,,,,,,,,
701,,1,21,Asarm1,Bilgi İncele,,,,,,,,,,,,,
702,,1,21,BilgiDeitir2,Bilgi Değiştir,,True,,,,,,,,,,,
703,,1,21,N1,-,,,,,,,,,,,,,
704,,1,21,Sil1,Sil,,True,,,,,,,,,,,
705,,1,21,k1,Çıkış,,,,,,,,,,,,,
706,,1,22,cxButton6,Çıkış,,,,,,,,,,,,,
707,,1,22,cxButton2,Tamam,,True,,,,,,,,,,,
708,,1,22,cxLabel1,Adı,,,,,,,,,,,,,
709,,1,22,cxLabel14,Kodu,,,,,,,,,,,,,
710,,1,22,cxLabel32,Adres 1,,,,,,,,,,,,,
711,,1,22,cxLabel33,Adres 2,,,,,,,,,,,,,
712,,1,22,cxLabel4,Otomasyon 1,,,,,,,,,,,,,
713,,1,22,cxLabel5,,,,,,,,,,,,,,
714,,1,22,cxLabel7,Vade Farkı,,,,,,,,,,,,,
715,,1,22,cxLabel24,P.H. Vardiya Açık - Fazla,,,,,,,,,,,,,
716,,1,22,cxLabel3,Market Depo,,,,,,,,,,,,,
717,,1,22,finkas,P.H. Vardiya Kasa,,,,,,,,,,,,,
718,,1,22,cxLabel8,B/A Dekont (Cari),,,,,,,,,,,,,
719,,1,22,cxLabel9,Harici İşlem (Stok),,,,,,,,,,,,,
720,,1,22,cxLabel10,Yeni Cari Kart Grubu,,,,,,,,,,,,,
721,,1,22,cxLabel11,Market Vardiya Kasa,,,,,,,,,,,,,
722,,1,22,cxLabel12,P.H. Kapanış Seçimi,,,,,,,,,,,,,
723,,1,22,cxLabel17,Sistem Ana Kasa,,,,,,,,,,,,,
724,,1,22,cxLabel21,Market Satış Gider Kartı,,,,,,,,,,,,,
725,,1,22,cxLabel22,İskonto Gider Kartı,,,,,,,,,,,,,
726,,1,22,cxLabel23,Çek Masraf Gider Kartı,,,,,,,,,,,,,
727,,1,22,cxLabel26,Market Satış ParaBrm.,,,,,,,,,,,,,
728,,1,22,cxLabel29,Market Yağ Grubu,,,,,,,,,,,,,
729,,1,22,cxLabel31,Mar. Vardiya Açık - Fazla,,,,,,,,,,,,,
730,,1,22,cxLabel34,Sayım Otomasyon Tipi,,,,,,,,,,,,,
731,,1,22,cxLabel25,Broadcast Adress,,,,,,,,,,,,,
732,,1,22,cxLabel2,Uyarı Sistemi,,,,,,,,,,,,,
733,,1,22,cxLabel13,Vardiya Yap. İşlem Kapanış Tarihine Ata,,,,,,,,,,,,,
734,,1,22,cxLabel15,Vardiya Teslimatı Kasaya Tek Satır Yazılsın,,,,,,,,,,,,,
735,,1,22,cxLabel16,P.H Vardiya Mail Gönder,,,,,,,,,,,,,
736,,1,22,cxLabel18,Market Vardiya Mail Gönder,,,,,,,,,,,,,
737,,1,22,cxLabel19,Alış - Satış Fiyat Kontrolu,,,,,,,,,,,,,
738,,1,22,cxLabel20,Alış - Satış Kar Yüzdesi Kontrolu,,,,,,,,,,,,,
739,,1,22,cxLabel6,Market Satış Stok Uyarı Sesi,,,,,,,,,,,,,
740,,1,22,cxLabel27,Market Satış Eksi Stok Satış,,,,,,,,,,,,,
741,,1,22,cxlabel30,Print Renk,,,,,,,,,,,,,
742,,1,22,cxLabel28,Pompacı Vardiya Özet,,,,,,,,,,,,,
743,,1,22,cxLabel35,Kdv Tipi,,,,,,,,,,,,,
744,,1,22,cxLabel36,Satır İskontosu,,,,,,,,,,,,,
745,,1,22,cxLabel37,Genel İskonto,,,,,,,,,,,,,
746,,1,22,cxLabel38,Gider Maliyet,,,,,,,,,,,,,
747,,1,23,cxButton6,Çıkış,,,,,,,,,,,,,
748,,1,23,butyeni,Rapor Ekle,,,,,,,,,,,,,
749,,1,23,tasarimbtn,Tasarım,,,,,,,,,,,,,
750,,1,23,tbtnPageSetup,Sayfa Ayarı,,,,,,,,,,,,,
751,,1,23,tbtnPreview,Ön İzleme,,,,,,,,,,,,,
752,,1,23,tbtnPrint,Print,,,,,,,,,,,,,
753,,1,23,tbtnDesigner,Dizayn,,,,,,,,,,,,,
754,,1,23,ToolButton6,Excel,,,,,,,,,,,,,
755,,1,23,ToolButton7,Grup Kapa,,,,,,,,,,,,,
756,,1,23,tool_grup_kapat,Grup Kapa,,,,,,,,,,,,,
757,,1,23,tool_grup_ac,Grup Aç,,,,,,,,,,,,,
758,,1,23,ToolButton10,ToolButton4,,,,,,,,,,,,,
759,,1,23,ToolButton4,Başlangıç Ayarı,,,,,,,,,,,,,
760,,1,23,ToolButton2,Genişlik Ayarı,,,,,,,,,,,,,
761,,1,23,ToolButton3,Ok,,,,,,,,,,,,,
762,,1,23,ToolButton1,Yenile,,,,,,,,,,,,,
763,,1,23,YeniRaporEkle1,Yeni Rapor Ekle,,True,,,,,,,,,,,
764,,1,23,BilgiDeitir1,Bilgi Değiştir,,True,,,,,,,,,,,
765,,1,23,Asarm1,Tasarım,,True,,,,,,,,,,,
766,,1,23,N1,-,,,,,,,,,,,,,
767,,1,23,Sil1,Rapor Sil,,True,,,,,,,,,,,
768,,1,23,k1,Çıkış,,,,,,,,,,,,,
769,,3,24,butbildeg,Bilgi Değiştir,,True,,,,,,,,,,,
770,,3,24,butyeni,Yeni Fatura,,True,,,,,,,,,,,
771,,3,24,cxButton11,Çıkış,,,,,,,,,,,,,
772,,3,24,cxButton3,Toplu Faturalama,,True,,,,,,,,,,,
773,,3,24,tbtnPageSetup,Sayfa Ayarı,,,,,,,,,,,,,
774,,3,24,tbtnPreview,Ön İzleme,,,,,,,,,,,,,
775,,3,24,tbtnPrint,Print,,,,,,,,,,,,,
776,,3,24,tbtnDesigner,Dizayn,,,,,,,,,,,,,
777,,3,24,ToolButton6,Excel,,,,,,,,,,,,,
778,,3,24,ToolButton7,Grup Kapa,,,,,,,,,,,,,
779,,3,24,ToolButton8,Grup Kapa,,,,,,,,,,,,,
780,,3,24,ToolButton9,Grup Aç,,,,,,,,,,,,,
781,,3,24,ToolButton10,ToolButton4,,,,,,,,,,,,,
782,,3,24,ToolButton5,Başlangıç Ayarı,,,,,,,,,,,,,
783,,3,24,ToolButton11,Genişlik Ayarı,,,,,,,,,,,,,
784,,3,24,ToolButton12,ToolButton12,,,,,,,,,,,,,
785,,3,24,ToolButton13,Yenile,,,,,,,,,,,,,
786,,3,24,cxLabel12,Başlangıç Tarihi,,,,,,,,,,,,,
787,,3,24,cxButton10,Ara,,,,,,,,,,,,,
788,,3,24,cxLabel1,Bitiş Tarihi,,,,,,,,,,,,,
789,,3,24,ToolButton1,Grup Kapa,,,,,,,,,,,,,
790,,3,24,tbtnFullCollapse,Grup Kapa,,,,,,,,,,,,,
791,,3,24,tbtnFullExpand,Grup Aç,,,,,,,,,,,,,
792,,3,24,ToolButton4,ToolButton4,,,,,,,,,,,,,
793,,3,24,YaniTank1,Yeni Fatura,,True,,,,,,,,,,,
794,,3,24,HareketDkm1,Toplu Fatura,,True,,,,,,,,,,,
795,,3,24,butinceClick,Bilgi İncele,,,,,,,,,,,,,
796,,3,24,BilgiDeitir1,Bilgi Değiştir,,True,,,,,,,,,,,
797,,3,24,N1,-,,,,,,,,,,,,,
798,,3,24,SeiliFaturayYazdr1,Seçili Faturayı Yazdır,,,,,,,,,,,,,
799,,3,24,SeiliFaturayaBalFileriYazdr1,Seçili Faturaya Bağlı Fişler,,,,,,,,,,,,,
800,,3,24,N2,-,,,,,,,,,,,,,
801,,3,24,ankSil1,Fatura Sil,,True,,,,,,,,,,,
802,,3,24,Silinmi1,Silinmiş Kayıtları Göster,,True,,,,,,,,,,,
803,,3,25,tbtnPageSetup,Sayfa Ayarı,,,,,,,,,,,,,
804,,3,25,tbtnPreview,Ön İzleme,,,,,,,,,,,,,
805,,3,25,tbtnPrint,Print,,,,,,,,,,,,,
806,,3,25,tbtnDesigner,Dizayn,,,,,,,,,,,,,
807,,3,25,ToolButton6,Excel,,,,,,,,,,,,,
808,,3,25,ToolButton7,Grup Kapa,,,,,,,,,,,,,
809,,3,25,ToolButton8,Grup Kapa,,,,,,,,,,,,,
810,,3,25,ToolButton9,Grup Aç,,,,,,,,,,,,,
811,,3,25,ToolButton10,ToolButton4,,,,,,,,,,,,,
812,,3,25,ToolButton5,Başlangıç Ayarı,,,,,,,,,,,,,
813,,3,25,ToolButton11,Genişlik Ayarı,,,,,,,,,,,,,
814,,3,25,ToolButton12,ToolButton12,,,,,,,,,,,,,
815,,3,25,ToolButton13,Yenile,,,,,,,,,,,,,
816,,3,25,cxLabel12,Başlangıç Tarihi,,,,,,,,,,,,,
817,,3,25,cxButton10,Ara,,,,,,,,,,,,,
818,,3,25,cxLabel1,Bitiş Tarihi,,,,,,,,,,,,,
819,,3,25,ToolButton2,Grup Ekle,,,,,,,,,,,,,
820,,3,25,ToolButton3,Grup Sil,,True,,,,,,,,,,,
821,,3,25,ToolButton1,Grup Kapa,,,,,,,,,,,,,
822,,3,25,tbtnFullCollapse,Grup Kapa,,,,,,,,,,,,,
823,,3,25,tbtnFullExpand,Grup Aç,,,,,,,,,,,,,
824,,3,25,ToolButton4,ToolButton4,,,,,,,,,,,,,
825,,3,25,cxButton1,Bilgi Değiştir,,True,,,,,,,,,,,
826,,3,25,cxButton14,Yeni İrsaliye,,True,,,,,,,,,,,
827,,3,25,cxButton11,Çıkış,,,,,,,,,,,,,
828,,3,25,YaniTank1,Yeni İrsaliye,,True,,,,,,,,,,,
829,,3,25,Bilgincele1,Bilgi İncele,,,,,,,,,,,,,
830,,3,25,BilgiDeitir1,Bilgi Değiştir,,True,,,,,,,,,,,
831,,3,25,N1,-,,,,,,,,,,,,,
832,,3,25,ankSil1,İrsaliye Sil,,True,,,,,,,,,,,
833,,3,25,Silinmi1,Silinmiş Kayıtları Göster,,True,,,,,,,,,,,
834,,3,26,cxButton14,Alınan Sipariş,,True,,,,,,,,,,,
835,,3,26,cxButton11,Çıkış,,,,,,,,,,,,,
836,,3,26,cxButton2,Verilen Sipariş,,True,,,,,,,,,,,
837,,3,26,tbtnPageSetup,Sayfa Ayarı,,,,,,,,,,,,,
838,,3,26,tbtnPreview,Ön İzleme,,,,,,,,,,,,,
839,,3,26,tbtnPrint,Print,,,,,,,,,,,,,
840,,3,26,tbtnDesigner,Dizayn,,,,,,,,,,,,,
841,,3,26,ToolButton6,Excel,,,,,,,,,,,,,
842,,3,26,ToolButton7,Grup Kapa,,,,,,,,,,,,,
843,,3,26,ToolButton8,Grup Kapa,,,,,,,,,,,,,
844,,3,26,ToolButton9,Grup Aç,,,,,,,,,,,,,
845,,3,26,ToolButton10,ToolButton4,,,,,,,,,,,,,
846,,3,26,ToolButton5,Başlangıç Ayarı,,,,,,,,,,,,,
847,,3,26,ToolButton11,Genişlik Ayarı,,,,,,,,,,,,,
848,,3,26,ToolButton12,ToolButton12,,,,,,,,,,,,,
849,,3,26,ToolButton13,Yenile,,,,,,,,,,,,,
850,,3,26,cxLabel12,Başlangıç Tarihi,,,,,,,,,,,,,
851,,3,26,cxButton10,Ara,,,,,,,,,,,,,
852,,3,26,cxLabel1,Bitiş Tarihi,,,,,,,,,,,,,
853,,3,26,ToolButton2,Grup Ekle,,,,,,,,,,,,,
854,,3,26,ToolButton3,Grup Sil,,True,,,,,,,,,,,
855,,3,26,ToolButton1,Grup Kapa,,,,,,,,,,,,,
856,,3,26,tbtnFullCollapse,Grup Kapa,,,,,,,,,,,,,
857,,3,26,tbtnFullExpand,Grup Aç,,,,,,,,,,,,,
858,,3,26,ToolButton4,ToolButton4,,,,,,,,,,,,,
859,,3,26,YaniTank1,Alınan Sipariş,,True,,,,,,,,,,,
860,,3,26,HareketDkm1,Verilen Sipariş,,True,,,,,,,,,,,
861,,3,26,N2,-,,,,,,,,,,,,,
862,,3,26,FAtura1,Bilgi İncele,,,,,,,,,,,,,
863,,3,26,BilgiDeitir1,Bilgi Değiştir,,True,,,,,,,,,,,
864,,3,26,N1,-,,,,,,,,,,,,,
865,,3,26,ankSil1,Sipariş Sil,,True,,,,,,,,,,,
866,,3,26,Silinmi1,Silinmiş Kayıtları Göster,,True,,,,,,,,,,,
867,,3,27,tbtnPreview,Ön İzleme,,,,,,,,,,,,,
868,,3,27,tbtnPrint,Print,,,,,,,,,,,,,
869,,3,27,ToolButton6,Excel,,,,,,,,,,,,,
870,,3,27,ToolButton7,Grup Kapa,,,,,,,,,,,,,
871,,3,27,ToolButton8,Grup Kapa,,,,,,,,,,,,,
872,,3,27,ToolButton9,Grup Aç,,,,,,,,,,,,,
873,,3,27,ToolButton10,ToolButton4,,,,,,,,,,,,,
874,,3,27,ToolButton5,Başlangıç Ayarı,,,,,,,,,,,,,
875,,3,27,ToolButton11,Genişlik Ayarı,,,,,,,,,,,,,
876,,3,27,ToolButton12,ToolButton12,,,,,,,,,,,,,
877,,3,27,ToolButton13,Yenile,,,,,,,,,,,,,
878,,3,27,cxButton10,Ara,,,,,,,,,,,,,
879,,3,27,cxLabel25,Plaka,,,,,,,,,,,,,
880,,3,27,cxButton8,Alacak Fişi,,True,,,,,,,,,,,
881,,3,27,cxButton11,Çıkış,,,,,,,,,,,,,
882,,3,27,cxButton2,Veresiye Fişi,,True,,,,,,,,,,,
883,,3,27,butince,Veresiye Fatura,,True,,,,,,,,,,,
884,,3,27,cxButton3,Toplu Faturalama,,True,,,,,,,,,,,
885,,3,27,cxButton4,Yeni Fiyat Uygula,,True,,,,,,,,,,,
886,,3,27,cxButton5,Fişlere Vade Farkı,,True,,,,,,,,,,,
887,,3,27,cxButton6,Cariye Fiş Aktar,,True,,,,,,,,,,,
888,,3,27,YaniTank1,Veresiye Fişi,,True,,,,,,,,,,,
889,,3,27,HareketDkm1,Alacak Fişi,,True,,,,,,,,,,,
890,,3,27,VeresiyeFAtura1,Veresiye Fatura,,True,,,,,,,,,,,
891,,3,27,opluFAtura1,Toplu Fatura,,True,,,,,,,,,,,
892,,3,27,YeniFiyatUygula1,Yeni Fiyat Uygula,,True,,,,,,,,,,,
893,,3,27,FilereVadeUygula1,Fişlere Vade Uygula,,True,,,,,,,,,,,
894,,3,27,CariyeFiAktar1,Cariye Fiş Aktar,,True,,,,,,,,,,,
895,,3,27,N1,-,,,,,,,,,,,,,
896,,3,27,Bilgincele1,Bilgi İncele,,,,,,,,,,,,,
897,,3,27,FAtura1,Bilgi Değiştir,,True,,,,,,,,,,,
898,,3,27,N2,-,,,,,,,,,,,,,
899,,3,27,PlakaMiktarRaporu1,Plaka Miktar Raporu,,,,,,,,,,,,,
900,,3,27,N3,-,,,,,,,,,,,,,
901,,3,27,ankSil1,Fiş Sil,,True,,,,,,,,,,,
902,,3,27,Silinmi1,Silinmiş Kayıtları Göster,,True,,,,,,,,,,,
903,,3,28,tbtnPageSetup,Sayfa Ayarı,,,,,,,,,,,,,
904,,3,28,tbtnPreview,Ön İzleme,,,,,,,,,,,,,
905,,3,28,tbtnPrint,Print,,,,,,,,,,,,,
906,,3,28,tbtnDesigner,Dizayn,,,,,,,,,,,,,
907,,3,28,ToolButton6,Excel,,,,,,,,,,,,,
908,,3,28,ToolButton7,Grup Kapa,,,,,,,,,,,,,
909,,3,28,ToolButton8,Grup Kapa,,,,,,,,,,,,,
910,,3,28,ToolButton9,Grup Aç,,,,,,,,,,,,,
911,,3,28,ToolButton10,ToolButton4,,,,,,,,,,,,,
912,,3,28,ToolButton5,Başlangıç Ayarı,,,,,,,,,,,,,
913,,3,28,ToolButton11,Genişlik Ayarı,,,,,,,,,,,,,
914,,3,28,ToolButton12,ToolButton12,,,,,,,,,,,,,
915,,3,28,ToolButton13,Yenile,,,,,,,,,,,,,
916,,3,28,cxButton10,Ara,,,,,,,,,,,,,
917,,3,28,cxLabel1,Depo Türü,,,,,,,,,,,,,
918,,3,28,cxLabel2,Depo Adı,,,,,,,,,,,,,
919,,3,28,cxButton11,Çıkış,,,,,,,,,,,,,
920,,3,28,butharis,Harici İşlem,,True,,,,,,,,,,,
921,,3,28,cxButton3,Tank Transfer,,True,,,,,,,,,,,
922,,3,28,cxButton4,Ölçüm - Fire,,True,,,,,,,,,,,
923,,3,28,cxButton1,Toplu Depo Transferi,,True,,,,,,,,,,,
924,,3,29,cxLabel12,Başlangıç- Bitiş Tarihi,,,,,,,,,,,,,
925,,3,29,cxButton10,Ara,,,,,,,,,,,,,
926,,3,29,cxLabel1,Tablo Adı,,,,,,,,,,,,,
927,,3,29,cxLabel2,Kullanıcı,,,,,,,,,,,,,
928,,3,29,tbtnPageSetup,Sayfa Ayarı,,,,,,,,,,,,,
929,,3,29,tbtnPreview,Ön İzleme,,,,,,,,,,,,,
930,,3,29,tbtnPrint,Print,,,,,,,,,,,,,
931,,3,29,tbtnDesigner,Dizayn,,,,,,,,,,,,,
932,,3,29,ToolButton6,Excel,,,,,,,,,,,,,
933,,3,29,ToolButton7,Grup Kapa,,,,,,,,,,,,,
934,,3,29,ToolButton8,Grup Kapa,,,,,,,,,,,,,
935,,3,29,ToolButton9,Grup Aç,,,,,,,,,,,,,
936,,3,29,ToolButton2,Başlangıç Ayarı,,,,,,,,,,,,,
937,,3,29,ToolButton3,Genişlik Ayarı,,,,,,,,,,,,,
938,,3,29,ToolButton10,ToolButton4,,,,,,,,,,,,,
939,,3,29,yenile,Yenile,,,,,,,,,,,,,
940,,4,30,cxButton11,Çıkış,,,,,,,,,,,,,
941,,4,30,cxButton2,Veresiye Fişi,,True,,,,,,,,,,,
942,,4,30,cxButton6,Vardiya Fiş Aktar,,True,,,,,,,,,,,
943,,4,30,tbtnPreview,Ön İzleme,,,,,,,,,,,,,
944,,4,30,tbtnPrint,Print,,,,,,,,,,,,,
945,,4,30,ToolButton6,Excel,,,,,,,,,,,,,
946,,4,30,ToolButton7,Grup Kapa,,,,,,,,,,,,,
947,,4,30,ToolButton8,Grup Kapa,,,,,,,,,,,,,
948,,4,30,ToolButton9,Grup Aç,,,,,,,,,,,,,
949,,4,30,ToolButton10,ToolButton4,,,,,,,,,,,,,
950,,4,30,ToolButton5,Başlangıç Ayarı,,,,,,,,,,,,,
951,,4,30,ToolButton11,Genişlik Ayarı,,,,,,,,,,,,,
952,,4,30,ToolButton12,ToolButton12,,,,,,,,,,,,,
953,,4,30,ToolButton13,Yenile,,,,,,,,,,,,,
954,,4,30,cxButton10,Ara,,,,,,,,,,,,,
955,,4,30,cxLabel25,Plaka,,,,,,,,,,,,,
956,,4,30,YaniTank1,Veresiye Fişi,,True,,,,,,,,,,,
957,,4,30,N4,-,,,,,,,,,,,,,
958,,4,30,CariyeFiAktar1,Cariye Fiş Aktar,,True,,,,,,,,,,,
959,,4,30,N1,-,,,,,,,,,,,,,
960,,4,30,Bilgincele1,Bilgi İncele,,,,,,,,,,,,,
961,,4,30,FAtura1,Bilgi Değiştir,,True,,,,,,,,,,,
962,,4,30,N2,-,,,,,,,,,,,,,
963,,4,30,PlakaMiktarRaporu1,Plaka Miktar Raporu,,True,,,,,,,,,,,
964,,4,30,N3,-,,,,,,,,,,,,,
965,,4,30,ankSil1,Fiş Sil,,True,,,,,,,,,,,
966,,4,30,Silinmi1,Silinmiş Kayıtları Göster,,True,,,,,,,,,,,
967,,5,31,butyenvar,Yeni Vardiya,,True,,,,,,,,,,,
968,,5,31,btnnaktes,Nakit Teslimat,,True,,,,,,,,,,,
969,,5,31,btnvadikapat,Vardiya Kapat,,True,,,,,,,,,,,
970,,5,31,btnfinans,Finans,,True,,,,,,,,,,,
971,,5,31,butcik,Çıkış,,,,,,,,,,,,,
972,,5,31,btnsatisiade,Satış / İade,,True,,,,,,,,,,,
973,,5,31,btnsathrk,Satış  Hareketleri,,True,,,,,,,,,,,
974,,5,31,varraporbtn,Vardiya Raporu,,True,,,,,,,,,,,
975,,5,31,cxButton1,Y. K. Bilgi Çek,,True,,,,,,,,,,,
976,,5,31,cxButton3,Pos Satışları,,True,,,,,,,,,,,
977,,5,31,tbtnPageSetup,Sayfa Ayarı,,,,,,,,,,,,,
978,,5,31,tbtnPreview,Ön İzleme,,,,,,,,,,,,,
979,,5,31,tbtnPrint,Print,,,,,,,,,,,,,
980,,5,31,tbtnDesigner,Dizayn,,,,,,,,,,,,,
981,,5,31,ToolButton6,Excel,,,,,,,,,,,,,
982,,5,31,ToolButton7,Grup Kapa,,,,,,,,,,,,,
983,,5,31,ToolButton8,Grup Kapa,,,,,,,,,,,,,
984,,5,31,ToolButton9,Grup Aç,,,,,,,,,,,,,
985,,5,31,ToolButton10,ToolButton4,,,,,,,,,,,,,
986,,5,31,ToolButton4,Başlangıç Ayarı,,,,,,,,,,,,,
987,,5,31,ToolButton1,Genişlik Ayarı,,,,,,,,,,,,,
988,,5,31,yenile,Yenile,,,,,,,,,,,,,
989,,5,31,ToolButton3,Ok,,True,,,,,,,,,,,
990,,5,31,ToolButton2,Vardiya Rapor Seçimi,,True,,,,,,,,,,,
991,,5,31,cxLabel12,Baş - Bit. Tarihi,,,,,,,,,,,,,
992,,5,31,cxButton10,Ara,,,,,,,,,,,,,
993,,5,31,YeniVardiya,Yeni Vardiya,,True,,,,,,,,,,,
994,,5,31,Vardiyaacbilgi,Vardiya Açılış Bilgileri,,True,,,,,,,,,,,
995,,5,31,N3,-,,,,,,,,,,,,,
996,,5,31,Sharp4995t1,Sharp ER495T,,True,,,,,,,,,,,
997,,5,31,shStokGnder,Stok Gönder,,True,,,,,,,,,,,
998,,5,31,shSatAl,Satış Al,,True,,,,,,,,,,,
999,,5,31,Olivetti0001,Olivetti 7000,,True,,,,,,,,,,,
1000,,5,31,olStokGnder,Stok Gönder,,True,,,,,,,,,,,
1001,,5,31,olSatAl,Satış Al,,True,,,,,,,,,,,
1002,,5,31,HuginER425TX1,Hugin ER-425TX,,True,,,,,,,,,,,
1003,,5,31,StokGnder1,Stok Gönder,,True,,,,,,,,,,,
1004,,5,31,SatAl1,Satış Al,,True,,,,,,,,,,,
1005,,5,31,IbmGenius1,IBM Genius,,True,,,,,,,,,,,
1006,,5,31,StokGnder2,Stok Gönder,,True,,,,,,,,,,,
1007,,5,31,SatAl2,Satış Al,,True,,,,,,,,,,,
1008,,5,31,N4,-,,,,,,,,,,,,,
1009,,5,31,mnsatisiade,Satış / İade,,True,,,,,,,,,,,
1010,,5,31,mnsatishrk,Satış Hareketleri,,True,,,,,,,,,,,
1011,,5,31,mnnaktes,Nakit Teslimat,,True,,,,,,,,,,,
1012,,5,31,mnFinans,Finans,,True,,,,,,,,,,,
1013,,5,31,mnVardiyakapat,Vardiya Kapat,,True,,,,,,,,,,,
1014,,5,31,N2,-,,,,,,,,,,,,,
1015,,5,31,mnVardiyaGer,Vardiya Geri Al,,True,,,,,,,,,,,
1016,,5,31,mnVardiyaSil,Vardiya Sil,,True,,,,,,,,,,,
1017,,5,31,N1,-,,,,,,,,,,,,,
1018,,5,31,Vardi1,Silinmiş Vardiyaları Göster,,True,,,,,,,,,,,
1019,,5,32,cxLabel4,Barkod,,,,,,,,,,,,,
1020,,5,32,cxLabel5,Ürün Kod / Ad,,,,,,,,,,,,,
1021,,5,32,cxLabel6,Miktar,,True,,,,,,,,,,,
1022,,5,32,cxButton9,Fiyat Gör,,True,,,,,,,,,,,
1023,,5,32,satiade,İade,,True,,,,,,,,,,,
1024,,5,32,cxLabel2,Para Birimi,,True,,,,,,,,,,,
1025,,5,32,cxLabel3,Depo Miktar,,True,,,,,,,,,,,
1026,,5,32,cxLabel1,SATIŞ İŞLEMİ,,,,,,,,,,,,,
1027,,5,32,cxLabel7,F8,,True,,,,,,,,,,,
1028,,5,32,cxButton1,Çıkış,,,,,,,,,,,,,
1029,,5,32,cxButton2,F2 Nakit,,,,,,,,,,,,,
1030,,5,32,btn_satir_sil,Satır Sil,,True,,,,,,,,,,,
1031,,5,32,cxButton4,F9 İndirim,,True,,,,,,,,,,,
1032,,5,32,cxButton5,F5 Gider,,True,,,,,,,,,,,
1033,,5,32,cxButton6,F3 Pos,,True,,,,,,,,,,,
1034,,5,32,cxButton7,F6 Veresiye,,True,,,,,,,,,,,
1035,,5,32,cxButton8,Döviz,,True,,,,,,,,,,,
1036,,5,33,butyenvar,Yeni Sayım,,True,,,,,,,,,,,
1037,,5,33,cxButton7,El Terminali,,True,,,,,,,,,,,
1038,,5,33,cxButton8,Sayım Onayla,,True,,,,,,,,,,,
1039,,5,33,butcik,Çıkış - ESC,,,,,,,,,,,,,
1040,,5,33,cxButton5,Sayımı Başlat,,True,,,,,,,,,,,
1041,,5,33,buthrk,Sayım Hareketleri,,True,,,,,,,,,,,
1042,,5,33,tbtnPageSetup,Sayfa Ayarı,,,,,,,,,,,,,
1043,,5,33,tbtnPreview,Ön İzleme,,,,,,,,,,,,,
1044,,5,33,tbtnPrint,Print,,,,,,,,,,,,,
1045,,5,33,tbtnDesigner,Dizayn,,,,,,,,,,,,,
1046,,5,33,ToolButton6,Excel,,,,,,,,,,,,,
1047,,5,33,ToolButton7,Grup Kapa,,,,,,,,,,,,,
1048,,5,33,ToolButton8,Grup Kapa,,,,,,,,,,,,,
1049,,5,33,ToolButton9,Grup Aç,,,,,,,,,,,,,
1050,,5,33,ToolButton10,ToolButton4,,,,,,,,,,,,,
1051,,5,33,ToolButton4,Başlangıç Ayarı,,,,,,,,,,,,,
1052,,5,33,ToolButton1,Genişlik Ayarı,,,,,,,,,,,,,
1053,,5,33,yenile,Yenile,,,,,,,,,,,,,
1054,,5,33,ToolButton3,Ok,,,,,,,,,,,,,
1055,,5,33,YeniVardiya1,Yeni Sayım - F2,,True,,,,,,,,,,,
1056,,5,33,SaymAlBilgileri1,Sayım Açılış Bilgileri,,True,,,,,,,,,,,
1057,,5,33,N3,-,,,,,,,,,,,,,
1058,,5,33,SayalSat1,Sayımı Başlat,,True,,,,,,,,,,,
1059,,5,33,VeresiyeFi1,Sayım Hareketleri,,True,,,,,,,,,,,
1060,,5,33,PosSatlar1,El Termimal İşlemleri,,True,,,,,,,,,,,
1061,,5,33,StoklarGnder1,Stokları Gönder,,True,,,,,,,,,,,
1062,,5,33,StoklarAl1,Stokları Al,,True,,,,,,,,,,,
1063,,5,33,HaberlemeTesti1,Haberleşme Testi,,True,,,,,,,,,,,
1064,,5,33,anmlar1,Tanımlar,,True,,,,,,,,,,,
1065,,5,33,NakitTeslimat1,Sayım Onayla,,True,,,,,,,,,,,
1066,,5,33,N2,-,,,,,,,,,,,,,
1067,,5,33,VaridyaGeriAl1,Sayım Onayını Kaldır,,True,,,,,,,,,,,
1068,,5,33,VardiyaSil1,Sayım Sil,,True,,,,,,,,,,,
1069,,5,33,N1,-,,,,,,,,,,,,,
1070,,5,33,Vardi1,Silinmiş Sayımları Göster,,True,,,,,,,,,,,
1071,,5,33,k1,Çıkış,,,,,,,,,,,,,
1072,,6,34,cxButton1,Cari Virman,,True,,,,,,,,,,CariVirman1,
1073,,6,34,butcik,Çıkış - ESC,,,,,,,,,,,,,
1074,,6,34,cxButton9,Nakit İşlemleri,,True,,,,,,,,,,,
1075,,6,34,cxButton6,Pos İşlemleri,,True,,,,,,,,,,,
1076,,6,34,cxButton2,Çek - Senet,,True,,,,,,,,,,,
1077,,6,34,cxButton3,Banka,,True,,,,,,,,,,,
1078,,6,34,cxButton4,Kart İle Ödeme,,True,,,,,,,,,,,
1079,,6,34,tbtnPageSetup,Sayfa Ayarı,,,,,,,,,,,,,
1080,,6,34,tbtnPreview,Ön İzleme,,,,,,,,,,,,,
1081,,6,34,tbtnPrint,Print,,,,,,,,,,,,,
1082,,6,34,tbtnDesigner,Dizayn,,,,,,,,,,,,,
1083,,6,34,ToolButton6,Excel,,,,,,,,,,,,,
1084,,6,34,ToolButton7,Grup Kapa,,,,,,,,,,,,,
1085,,6,34,ToolButton8,Grup Kapa,,,,,,,,,,,,,
1086,,6,34,ToolButton9,Grup Aç,,,,,,,,,,,,,
1087,,6,34,ToolButton10,ToolButton4,,,,,,,,,,,,,
1088,,6,34,ToolButton1,Başlangıç Ayarı,,,,,,,,,,,,,
1089,,6,34,ToolButton2,Genişlik Ayarı,,,,,,,,,,,,,
1090,,6,34,ToolButton3,Yenile,,,,,,,,,,,,,
1091,,6,34,cxLabel12,Başlangıç Tarihi,,,,,,,,,,,,,
1092,,6,34,ara,Ara,,,,,,,,,,,,,
1093,,6,34,cxLabel1,Bitiş Tarihi,,,,,,,,,,,,,
1094,,6,34,deme1,Nakit İşlem,,True,,,,,,,,,,,
1095,,6,34,ahsilat1,Pos İşlem,,True,,,,,,,,,,,
1096,,6,34,BankaCarilem1,Kart İşlem,,True,,,,,,,,,,,
1097,,6,34,ekSenet1,Çek - Senet,,True,,,,,,,,,,,
1098,,6,34,Bankalem1,Banka İşlem,,True,,,,,,,,,,,
1099,,6,34,cxButton5,Banka Virman,,True,,,,,,,,,,BankaVirmanGiris1,
1100,,6,34,N2,-,,,,,,,,,,,,,
1101,,6,34,Bilgincele1,Bilgi İncele,,,,,,,,,,,,,
1102,,6,34,BilgiDegmn,Bilgi Değiştir,,True,,,,,,,,,,,
1103,,6,34,KaytSil1,Kayıt Sil,,True,,,,,,,,,,,
1104,,6,34,N1,-,,,,,,,,,,,,,
1105,,6,34,Vardi1,Silinmiş Kayıtları Göster,,True,,,,,,,,,,,
1106,,6,35,ToolButton2,Kasa Ekle,,,,,,,,,,,,,
1107,,6,35,ToolButton5,Kasa Düzelt,,,,,,,,,,,,,
1108,,6,35,ToolButton3,Kasa Sil,,True,,,,,,,,,,,
1109,,6,35,ToolButton1,Grup Kapa,,,,,,,,,,,,,
1110,,6,35,tbtnFullCollapse,Grup Kapa,,,,,,,,,,,,,
1111,,6,35,tbtnFullExpand,Grup Aç,,,,,,,,,,,,,
1112,,6,35,ToolButton4,ToolButton4,,,,,,,,,,,,,
1113,,6,35,tbtnPageSetup,Sayfa Ayarı,,,,,,,,,,,,,
1114,,6,35,tbtnPreview,Ön İzleme,,,,,,,,,,,,,
1115,,6,35,tbtnPrint,Print,,,,,,,,,,,,,
1116,,6,35,tbtnDesigner,Dizayn,,,,,,,,,,,,,
1117,,6,35,ToolButton6,Excel,,,,,,,,,,,,,
1118,,6,35,ToolButton7,Grup Kapa,,,,,,,,,,,,,
1119,,6,35,ToolButton11,Başlangıç Ayarı,,,,,,,,,,,,,
1120,,6,35,ToolButton12,Genişlik Ayarı,,,,,,,,,,,,,
1121,,6,35,ToolButton13,Yenile,,,,,,,,,,,,,
1122,,6,35,cxLabel12,Başlangıç Tarihi,,,,,,,,,,,,,
1123,,6,35,ara,Ara,,,,,,,,,,,,,
1124,,6,35,cxLabel1,Bitiş Tarihi,,,,,,,,,,,,,
1125,,6,35,btnhrk,Kasa Hareketleri,,True,,,,,,,,,,,
1126,,6,35,cxButton11,Çıkış,,,,,,,,,,,,,
1127,,6,35,cxButton6,Kasa Tanım,,True,,,,,,,,,,,
1128,,6,35,cxButton2,Kasa Aç,,True,,,,,,,,,,,
1129,,6,36,cxLabel12,Başlangıç Tarihi,,,,,,,,,,,,,
1130,,6,36,ara,Ara,,,,,,,,,,,,,
1131,,6,36,cxLabel1,Bitiş Tarihi,,,,,,,,,,,,,
1132,,6,36,tbtnPageSetup,Sayfa Ayarı,,,,,,,,,,,,,
1133,,6,36,tbtnPreview,Ön İzleme,,,,,,,,,,,,,
1134,,6,36,tbtnPrint,Print,,,,,,,,,,,,,
1135,,6,36,tbtnDesigner,Dizayn,,,,,,,,,,,,,
1136,,6,36,ToolButton6,Excel,,,,,,,,,,,,,
1137,,6,36,ToolButton7,Grup Kapa,,,,,,,,,,,,,
1138,,6,36,ToolButton8,Grup Kapa,,,,,,,,,,,,,
1139,,6,36,ToolButton9,Grup Aç,,,,,,,,,,,,,
1140,,6,36,ToolButton10,ToolButton4,,,,,,,,,,,,,
1141,,6,36,ToolButton11,Başlangıç Ayarı,,,,,,,,,,,,,
1142,,6,36,ToolButton12,Genişlik Ayarı,,,,,,,,,,,,,
1143,,6,36,ToolButton13,Grup Sil,,True,,,,,,,,,,,
1144,,6,36,ToolButton14,Yenile,,,,,,,,,,,,,
1145,,6,36,tbtnFullCollapse,Grup Kapa,,,,,,,,,,,,,
1146,,6,36,tbtnFullExpand,Grup Aç,,,,,,,,,,,,,
1147,,6,36,ToolButton4,ToolButton4,,,,,,,,,,,,,
1148,,6,36,ToolButton1,Yenile,,,,,,,,,,,,,
1149,,6,36,cxButton11,Çıkış,,,,,,,,,,,,,
1150,,6,36,cxButton4,Banka Virman,,True,,,,,,,,,,,
1151,,6,36,cxButton5,Bankadan Döviz Al / Sat,,True,,,,,,,,,,,
1152,,6,36,cxButton3,Havale / EFT,,True,,,,,,,,,,,
1153,,6,36,cxButton1,Yatan / Çekilen,,True,,,,,,,,,,,
1154,,6,36,YaniTank1,Gelen Havale / EFT,,True,,,,,,,,,,,
1155,,6,36,HareketDkm1,Giden Havale / EFT,,True,,,,,,,,,,,
1156,,6,36,N2,Bankaya Yatan,,True,,,,,,,,,,,
1157,,6,36,BekleyenSliler1,Bankadan Çekilen,,True,,,,,,,,,,,
1158,,6,36,HesabaAktarlmSlipler1,Banka Virman,,True,,,,,,,,,,,
1159,,6,36,HesabaAktarmSrasndaBlnmiSlipler1,Bankadan Döviz Alış,,True,,,,,,,,,,,
1160,,6,36,BankadanDvizSat1,Bankadan Döviz Satış,,True,,,,,,,,,,,
1161,,6,36,N3,-,,,,,,,,,,,,,
1162,,6,36,Bilgincele1,Bilgi İncele,,,,,,,,,,,,,
1163,,6,36,BilgiDegmn,Bilgi Değiştir,,True,,,,,,,,,,,
1164,,6,36,N4,-,,,,,,,,,,,,,
1165,,6,36,ankSil1,Sil,,True,,,,,,,,,,,
1166,,6,36,silgos1,Silinmişleri Göster,,True,,,,,,,,,,,
1167,,6,37,tbtnFullCollapse,Grup Kapa,,,,,,,,,,,,,
1168,,6,37,tbtnFullExpand,Grup Aç,,,,,,,,,,,,,
1169,,6,37,ToolButton4,ToolButton4,,,,,,,,,,,,,
1170,,6,37,ToolButton1,Yenile,,,,,,,,,,,,,
1171,,6,37,tbtnPageSetup,Sayfa Ayarı,,,,,,,,,,,,,
1172,,6,37,tbtnPreview,Ön İzleme,,,,,,,,,,,,,
1173,,6,37,tbtnPrint,Print,,,,,,,,,,,,,
1174,,6,37,tbtnDesigner,Dizayn,,,,,,,,,,,,,
1175,,6,37,ToolButton6,Excel,,,,,,,,,,,,,
1176,,6,37,ToolButton7,Grup Kapa,,,,,,,,,,,,,
1177,,6,37,ToolButton8,Grup Kapa,,,,,,,,,,,,,
1178,,6,37,ToolButton9,Grup Aç,,,,,,,,,,,,,
1179,,6,37,ToolButton10,ToolButton4,,,,,,,,,,,,,
1180,,6,37,ToolButton2,Başlangıç Ayarı,,,,,,,,,,,,,
1181,,6,37,ToolButton3,Genişlik Ayarı,,,,,,,,,,,,,
1182,,6,37,ToolButton5,Yenile,,,,,,,,,,,,,
1183,,6,37,ara,Ara,,,,,,,,,,,,,
1184,,6,37,cxButton9,Yeni Slip Girişi,,True,,,,,,,,,,,
1185,,6,37,cxButton6,Hesap Aktar,,True,,,,,,,,,,,
1186,,6,37,butcik,Çıkış - ESC,,,,,,,,,,,,,
1187,,6,37,butbildeg,Bilgi Değiştir,,True,,,,,,,,,,,
1188,,6,37,YaniTank1,Yeni Slip,,True,,,,,,,,,,,
1189,,6,37,HareketDkm1,Hesaba Aktar,,True,,,,,,,,,,,
1190,,6,37,N2,-,,,,,,,,,,,,,
1191,,6,37,BekleyenSlip,Bekleyen Slipler,,True,,,,,,,,,,,
1192,,6,37,HesabaAktarlmSlip,Hesaba Aktarılmış Slipler,,True,,,,,,,,,,,
1193,,6,37,HesabaAktarBlnSlip,Hesaba Aktarım Sırasında Bölünmiş Slipler,,True,,,,,,,,,,,
1194,,6,37,N3,-,,,,,,,,,,,,,
1195,,6,37,Bilgincele1,Bilgi İncele,,,,,,,,,,,,,
1196,,6,37,FAtura1,Bilgi Değiştir,,True,,,,,,,,,,,
1197,,6,37,N4,-,,,,,,,,,,,,,
1198,,6,37,Silinm,Sil,,True,,,,,,,,,,,
1199,,6,37,Silinmi1,Silinmişleri Göster,,True,,,,,,,,,,,
1200,,6,38,tbtnPageSetup,Sayfa Ayarı,,,,,,,,,,,,,
1201,,6,38,tbtnPreview,Ön İzleme,,,,,,,,,,,,,
1202,,6,38,tbtnPrint,Print,,,,,,,,,,,,,
1203,,6,38,tbtnDesigner,Dizayn,,,,,,,,,,,,,
1204,,6,38,ToolButton6,Excel,,,,,,,,,,,,,
1205,,6,38,ToolButton7,Grup Kapa,,,,,,,,,,,,,
1206,,6,38,ToolButton8,Grup Kapa,,,,,,,,,,,,,
1207,,6,38,ToolButton9,Grup Aç,,,,,,,,,,,,,
1208,,6,38,ToolButton10,ToolButton4,,,,,,,,,,,,,
1209,,6,38,ToolButton1,Başlangıç Ayarı,,,,,,,,,,,,,
1210,,6,38,ToolButton2,Genişlik Ayarı,,,,,,,,,,,,,
1211,,6,38,ToolButton3,Yenile,,,,,,,,,,,,,
1212,,6,38,ara,Ara,,,,,,,,,,,,,
1213,,6,38,cxButton9,Portföye Çek Girişi,,True,,,,,,,,,,PortfyeekGir,
1214,,6,38,cxButton6,Kesilen Çek,,True,,,,,,,,,,Kesilenek,
1215,,6,38,cxButton1,Çek Hareketleri,,True,,,,,,,,,,,
1216,,6,38,butcik,Çıkış - ESC,,,,,,,,,,,,,
1217,,6,38,cxButton2,Çekleri Cirola,,True,,,,,,,,,,ekleriCirola,
1218,,6,38,cxButton3,Çekleri Takasa Ver,,True,,,,,,,,,,ekleriTakasaVer,
1219,,6,38,cxButton5,Takas Çeklerini Tahsil Et,,True,,,,,,,,,,YaniTank1,
1220,,6,38,cxButton7,Portföydeki Çekleri Tahsil Et,,True,,,,,,,,,,HareketDkm1,
1221,,6,38,cxButton4,Kesilen Çekleri Öde,,True,,,,,,,,,,FAtura1,
1222,,6,38,ankSil1,Portföye Geri Al,,True,,,,,,,,,,,
1223,,6,38,N1,Portföy Çekini İade Et,,True,,,,,,,,,,,
1224,,6,38,N3,-,,,,,,,,,,,,,
1225,,6,38,Karlksz1,Cirolanmış Çekleri Sonuçlandır Veya Kaldır,,True,,,,,,,,,,CirolanmekleriSonulandr1,
1227,,6,38,N5,-,,,,,,,,,,,,,
1228,,6,38,demeTahsilatptalEt1,Ödeme / Tahsilat İptal Et,,True,,,,,,,,,,,
1229,,6,38,N2,-,,,,,,,,,,,,,
1230,,6,38,Bilgincele1,Bilgi İncele,,,,,,,,,,,,,
1231,,6,38,BilgiDeitir1,Bilgi Değiştir,,True,,,,,,,,,,,
1232,,6,38,N4,-,,,,,,,,,,,,,
1233,,6,38,ekSil1,Çek Sil,,True,,,,,,,,,,,
1234,,6,38,silgos1,Silinmişleri Göster,,True,,,,,,,,,,,
1235,,7,39,mn_rapstoktarih,Stok Tarih Kriterli,,True,,,,,,,,,,,
1236,,7,39,mn_rapstokperiyot,Periyotlu Alış-Satış Raporu,,True,,,,,,,,,,,
1237,,7,39,mn_rapstokdeptrans,Depo Transfer Raporu,,True,,,,,,,,,,,
1238,,7,39,mn_rapstoksiparis,Sipariş Raporu,,True,,,,,,,,,,,
1239,,7,39,mn_rapstokbeksip,Bekleyen Siparişler,,True,,,,,,,,,,,
1240,,7,39,mn_rapstokkapsip,Kapanan Siparişler,,True,,,,,,,,,,,
1241,,7,39,mn_rapstoksevsip,Stok Sipariş Seviye,,True,,,,,,,,,,,
1242,,7,39,mn_rapstokirsaliye,İrsaliye Raporu,,True,,,,,,,,,,,
1243,,7,39,mn_rapstokbekirs,Bekleyen İrsaliye,,True,,,,,,,,,,,
1244,,7,39,mn_rapstokfatirs,Faturalanmış İrsaliye,,True,,,,,,,,,,,
1245,,7,39,mn_rapstokrafetiket,Fiyat Ve Raf Etiket Raporu,,True,,,,,,,,,,,
1246,,7,39,mn_rapstokeksi,Eksiye Düşen Stoklar Raporu,,True,,,,,,,,,,,
1248,,7,39,mn_rapstokencok,En Çok Satılan Stok Raporu,,True,,,,,,,,,,,
1249,,7,39,mn_rapstokenaz,En Az Satılan Stok Raporu,,True,,,,,,,,,,,
1250,,7,39,mn_rapstokhargircik,Harici Giren - Çıkan Raporu,,True,,,,,,,,,,,
1251,,7,40,mn_rapcaritarih,Tarih Kriterli Cari Raporu,,True,,,,,,,,,,,
1252,,7,40,mn_rapcariaylik,Cari Aylık İşlem Raporu,,True,,,,,,,,,,,
1253,,7,40,mn_rapcariextra,Cari Ekstre Raporu,,True,,,,,,,,,,,
1254,,7,40,mn_rapcarilimit,Cari Limit Aşım Raporu,,True,,,,,,,,,,,
1255,,7,40,mn_rapcariharsiz,Hareketsiz Cariler Raporu,,True,,,,,,,,,,,
1256,,7,40,mn_rapcariverim,Cari Verimlilik Raporu,,True,,,,,,,,,,,
1257,,7,40,mn_rapcariadres,Adres Etiket Dökümü,,True,,,,,,,,,,,
1258,,7,40,mn_rapcariplaka,Plaka Kriterli Cari Raporu,,True,,,,,,,,,,,
1259,,7,40,mn_rapcariboralk,Harici Borç - Alacak Raporu,,True,,,,,,,,,,,
1260,0,7,40,mn_rapcarimut,Mutabakat Mektubu,,True,,,,,,,,,,,
1261,,7,41,mn_rapfatalssat,Alış-Satış Fatura Raporu,,True,,,,,,,,,,,
1262,,7,41,mn_rapkdvdrm,KDV Durum Raporu,,True,,,,,,,,,,,
1264,,7,42,mn_rapbanktarih,Tarih Kriterli Banka Hesap Extresi,,True,,,,,,,,,,,
1265,,7,42,mn_rapbankaylik,Banka Aylık İşlem Raporu,,True,,,,,,,,,,,
1266,,7,42,mn_rapbankbekpos,Bekleyen Pos Raporu,,True,,,,,,,,,,,
1267,,7,43,mn_rapgelgidtarih,Tarih Kriterli Hareket Dökümü,,True,,,,,,,,,,,
1268,,7,43,mn_rapgelgidaylik,Gelir-Gider Aylık İşlem Raporu,,True,,,,,,,,,,,
1269,,7,44,mn_rapcekdrm,Çek Durum Raporu,,True,,,,,,,,,,,
1270,,7,44,mn_rapcekhrkref,Çek Hareket Raporu (Referans no),,True,,,,,,,,,,,
1271,,7,45,mn_rapkasextre,Kasa Hesap Extresi,,True,,,,,,,,,,,
1272,,7,45,mn_rapkasaylik,Kasa Aylık Durum Raporu,,True,,,,,,,,,,,
1273,,7,46,mn_rapvardi,Akaryakıt Vardiya Raporu,,True,,,,,,,,,,,
1274,,7,46,mn_rapvarsayendk,Boş Sayaç Endeksleri,,True,,,,,,,,,,,
1275,,7,46,mn_rapvarsayfiydeg,Sayaç Fiyat Değişim Raporu,,True,,,,,,,,,,,
1276,,7,46,mn_rapvarmar,Market Vardiya Raporu,,True,,,,,,,,,,,
1280,,5,32,cxTabSheet1,1,,True,,,,,,,,,,,
1281,,5,32,cxTabSheet2,2,,True,,,,,,,,,,,
1282,,5,32,cxTabSheet3,3,,True,,,,,,,,,,,
1283,,5,32,cxTabSheet4,4,,True,,,,,,,,,,,
1284,,5,32,pop_fiyat_deg,Satırın Fiyatını Değiştir,,True,,,,,,,,,,,
1299,0,2,49,cxgrid,Liste Başlık Ayarı,,True,0,False,,,,,,,,,
1300,0,2,49,pop_bilgi_deg,Bilgi Değiştir,,True,0,False,,,,,,,,,
1301,0,2,49,pop_hrk_sil,Hareket Sil,,True,0,False,,,,,,,,,
1302,0,2,50,cxgrid,Liste Başlık Ayarı,,True,0,False,,,,,,,,,
1303,0,2,50,pop_bilgi_deg,Bilgi Değiştir,,True,0,False,,,,,,,,,
1304,0,2,50,pop_hrk_sil,Hareket Sil,,True,0,False,,,,,,,,,
1305,0,2,51,cxgrid,Liste Başlık Ayarı,,True,0,False,,,,,,,,,
1306,0,2,51,pop_bilgi_deg,Bilgi Değiştir,,True,0,False,,,,,,,,,
1307,0,2,51,pop_hrk_sil,Hareket Sil,,True,0,False,,,,,,,,,
1308,0,2,52,cxgrid,Liste Başlık Ayarı,,True,0,False,,,,,,,,,
1309,0,2,52,pop_bilgi_deg,Bilgi Değiştir,,True,0,False,,,,,,,,,
1310,0,2,52,pop_hrk_sil,Hareket Sil,,True,0,False,,,,,,,,,
1311,0,2,53,cxgrid,Liste Başlık Ayarı,,True,0,False,,,,,,,,,
1312,0,2,53,pop_bilgi_deg,Bilgi Değiştir,,True,0,False,,,,,,,,,
1313,0,2,53,pop_hrk_sil,Hareket Sil,,True,0,False,,,,,,,,,
1314,0,2,54,cxgrid,Liste Başlık Ayarı,,True,0,False,,,,,,,,,
1315,0,2,54,pop_bilgi_deg,Bilgi Değiştir,,True,0,False,,,,,,,,,
1316,0,2,54,pop_hrk_sil,Hareket Sil,,True,0,False,,,,,,,,,
1317,0,2,55,cxgrid,Liste Başlık Ayarı,,True,0,False,,,,,,,,,
1318,0,2,55,pop_bilgi_deg,Bilgi Değiştir,,True,0,False,,,,,,,,,
1319,0,2,55,pop_hrk_sil,Hareket Sil,,True,0,False,,,,,,,,,
1320,0,2,56,cxgrid,Liste Başlık Ayarı,,True,0,False,,,,,,,,,
1321,0,2,56,pop_bilgi_deg,Bilgi Değiştir,,True,0,False,,,,,,,,,
1322,0,2,56,pop_hrk_sil,Hareket Sil,,True,0,False,,,,,,,,,
1323,0,2,57,cxgrid,Liste Başlık Ayarı,,True,0,False,,,,,,,,,
1324,0,2,57,pop_bilgi_deg,Bilgi Değiştir,,True,0,False,,,,,,,,,
1325,0,2,57,pop_hrk_sil,Hareket Sil,,True,0,False,,,,,,,,,
1326,0,2,58,cxgrid,Liste Başlık Ayarı,,True,0,False,,,,,,,,,
1327,0,2,58,pop_bilgi_deg,Bilgi Değiştir,,True,0,False,,,,,,,,,
1328,0,2,58,pop_hrk_sil,Hareket Sil,,True,0,False,,,,,,,,,
1329,0,2,59,cxgrid,Liste Başlık Ayarı,,True,0,False,,,,,,,,,
1330,0,2,59,pop_hrk_sil,Hareket Sil,,True,0,False,,,,,,,,,
1331,0,2,4,cxgrid,Liste Başlık Ayarı,,True,0,False,,,,,,,,,
1332,0,5,31,cxgrid,Liste Başlık Ayarı,,True,0,False,,,,,,,,,
1333,0,2,6,cxgrid,Liste Başlık Ayarı,,True,0,False,,,,,,,,,
1334,0,2,7,cxgrid,Liste Başlık Ayarı,,True,0,False,,,,,,,,,
1335,0,2,8,cxgrid,Liste Başlık Ayarı,,True,0,False,,,,,,,,,
1336,0,2,9,cxgrid,Liste Başlık Ayarı,,True,0,False,,,,,,,,,
1337,0,2,10,cxgrid,Liste Başlık Ayarı,,True,0,False,,,,,,,,,
1338,0,2,11,cxgrid,Liste Başlık Ayarı,,True,0,False,,,,,,,,,
1339,0,2,12,cxgrid,Liste Başlık Ayarı,,True,0,False,,,,,,,,,
1340,0,2,13,cxgrid,Liste Başlık Ayarı,,True,0,False,,,,,,,,,
1341,0,2,14,cxgrid,Liste Başlık Ayarı,,True,0,False,,,,,,,,,
1342,0,2,15,cxgrid,Liste Başlık Ayarı,,True,0,False,,,,,,,,,
1343,0,2,16,cxgrid,Liste Başlık Ayarı,,True,0,False,,,,,,,,,
1344,0,2,9,pop_tumfishrk,Cari Hareket - Tüm Fişler,,True,0,False,,,,,,,,,
1345,0,0,64,lb_firma,Firma Ünvanı,,,,,,,,,,,,,
1347,0,9,70,butyeni,Yeni Kullanıcı,,True,,,,,,,,,H,,
1348,0,9,70,butbildeg,Bilgi Değiştir,,True,,,,,,,,,H,,
1349,0,9,70,bt_yetki,Yetkiler,,True,,,,,,,,,H,,
1350,0,9,70,BilgiDeitir1,Yeni Kullanıcı,,True,,,,,,,,,H,,
1351,0,9,70,BilgiDeitir2,Bilgi Değiştir,,True,,,,,,,,,H,,
1352,0,9,70,Sil1,Sil,,True,,,,,,,,,H,,
1353,0,9,69,cxButton2,Tamam,,True,,,,,,,,,H,,
1354,0,10,71,butyeni,Yeni Ürün,,True,,,,,,,,,H,Yeniurun,
1355,0,10,71,butbildeg,Bilgi Değiştir,,True,,,,,,,,,H,BilgiDeitir,
1356,0,10,71,Bilgincele,Bilgi İncele,,True,,,,,,,,,H,,
1357,0,10,71,buthrk,Hareket Dökümü,,True,,,,,,,,,H,HareketDkm1,
1358,0,10,71,HediyeGiris,Ürün Giriş - Çıkış,,True,,,,,,,,,H,,
1359,0,10,71,harici_btn,Ürün Dahil Et,,True,,,,,,,,,H,urndahil,
1360,0,10,71,ankSil,Kart Sil,,True,,,,,,,,,H,,
1361,0,10,71,SilinmiKartGeriAl,Silinmiş Kartı Geri Al,,True,,,,,,,,,H,,
1362,0,10,71,Silingos,Silinmiş Kayıtları Göster,,True,,,,,,,,,H,,
1363,0,10,72,harici_btn,Ürün Dahil Et,,True,,,,,,,,,H,urndahilet,
1364,0,10,72,butbildeg,Bilgi Değiştir,,True,,,,,,,,,H,BilgiDeitir,
1365,0,10,72,buthrk,Hareket Dökümü,,True,,,,,,,,,H,HareketDkm,
1366,0,10,72,ankSil,Dahil Edilmiş Ürünü Çıkar,,True,,,,,,,,,H,,
1367,0,10,73,btn_yeni,Yeni Müşteri,,True,,,,,,,,,H,pop_Yenikart,
1368,0,10,73,butbildeg,Bilgi Değiştir,,True,,,,,,,,,H,BilgiDeitir,
1369,0,10,73,Bilgincele,Bilgi İncele,,True,,,,,,,,,H,,
1370,0,10,73,buthrk,Hareket Dökümü,,True,,,,,,,,,H,HareketDkm,
1371,0,10,73,btn_puanbirles,Puan Birleşir,,True,,,,,,,,,H,PuanBirletir,
1372,0,10,73,btn_puansifir,Puan Sıfırla,,True,,,,,,,,,H,PuanSfrla,
1373,0,10,73,btn_urunhedtes,Ürün Hediye Teslimatı,,True,,,,,,,,,H,rnHediyeTeslimat,
1374,0,10,73,ankSil,Kart Sil,,True,,,,,,,,,H,,
1375,0,10,73,SilinmiKartGeriAl,Silinmiş Kartı Geri Al,,True,,,,,,,,,H,,
1376,0,10,73,Silingos,Silinmiş Kayıtları Göster,,True,,,,,,,,,H,,
1377,0,11,74,butyeni,Yeni Fiş,,True,,,,,,,,,H,YeniFis,
1378,0,11,74,butbildeg,Bilgi Değiştir,,True,,,,,,,,,H,BilgiDeitir,
1379,0,11,74,Bilgincele,Bilgi İncele,,True,,,,,,,,,H,,
1380,0,11,74,FiYazdr,Fiş Yazdır,,True,,,,,,,,,H,,
1381,0,11,74,ankSil,Fiş Sil,,True,,,,,,,,,H,,
1382,0,11,74,Silingos,Silinmiş Kayıtları Göster,,True,,,,,,,,,H,,
1383,0,12,76,VeresiyeFii,Promosyon Fişi,,True,,,,,,,,,H,,
1384,0,12,76,Oku,Oku,,True,,,,,,,,,H,,
1385,0,12,76,FiYazdr,Fiş Yazdır,,True,,,,,,,,,H,,
1386,0,12,76,lemiSil,Promosyon Fişini Geri Al,,True,,,,,,,,,H,,
1387,0,12,76,Parametre,Parametre,,True,,,,,,,,,H,,
1388,,2,10,cxButton15,Tahsilat-Ödeme,,True,,,,,,,,,,pop_tahode,
1389,,6,81,cxButton9,Nakit İşlemleri,,True,,,,,,,,,,deme1,
1390,,6,81,cxButton5,Kasa Virman,,True,,,,,,,,,,MahsupGirii1,
1391,,6,81,cxButton3,Yatan / Çekilen,,True,,,,,,,,,,Bankalem1,
1392,,6,81,cxButton8,Döviz Al / Sat,,True,,,,,,,,,,BankaCarilem1,
1393,,6,81,b_a_dekont,B / A Dekontu,,True,,,,,,,,,,AlDekontu1,
1394,,6,81,BilgiDegmn,Bilgi Değiştir,,True,,,,,,,,,,,
1395,,6,81,Bilgincele1,Bilgi İncele,,True,,,,,,,,,,,
1396,,6,81,KaytSil1,Kayıt Sil,,True,,,,,,,,,,,
1397,,6,81,Vardi1,Silinmiş Kayıtları Göster,,True,,,,,,,,,,,
1398,,6,81,RGR1,R-GR,,True,,,,,,,,,,,
1399,,6,81,R1,R,,True,,,,,,,,,,,
1400,,6,81,GR1,GR,,True,,,,,,,,,,,
1401,,4,82,cxButton3,Veresiye Fiş Girişi,,True,,,,,,,,,,VeresiyeFiGirii1,
1402,,4,82,cxButton1,Alacak Fiş Girişi,,True,,,,,,,,,,AlacakFiGirii1,
1403,,4,82,cxButton6,Toplu Fiş Girişi,,True,,,,,,,,,,TopluFiGiri,
1404,,4,82,cxButton7,Alacak Fiş Koçan,,True,,,,,,,,,,AlacakFisKoan,
1405,,4,82,cxButton8,Alınan Alacak Fiş Seçimi,,True,,,,,,,,,,AlnanAlacakFisSecimi,
1406,,4,82,cxButton2,Bilgi Değiştir,,True,,,,,,,,,,BilgiDeitir1,
1407,,4,82,Bilgincele1,Bilgi İncele,,True,,,,,,,,,,,
1408,,4,82,FiCariDeitir,Fiş Cari Değiştir,,True,,,,,,,,,,,
1409,,4,82,KaytSil1,Kayıt Sil,,True,,,,,,,,,,,
1410,,4,82,Vardi1,Silinmiş Kayıtları Göster,,True,,,,,,,,,,,
1411,,3,83,mn_fatlist,AKARYAKIT ALIŞ FATURA,,True,,,,,,,,,,mn_fatlist1,1
1412,,3,83,mn_fatlist,MARKET ALIŞ FATURA,,True,,,,,,,,,,mn_fatlist2,2
1413,,3,83,mn_fatlist,GELİR GİDER ALIŞ FATURASI,,True,,,,,,,,,,mn_fatlist3,3
1414,,3,83,mn_fatlist,YAĞ ALIŞ FATURASI,,True,,,,,,,,,,mn_fatlist4,4
1415,,3,83,mn_fatlist,VERESIYE SATIŞ FATURASI,,True,,,,,,,,,,mn_fatlist5,5
1416,,3,83,mn_fatlist,GELİR GİDER SATIŞ FATURASI,,True,,,,,,,,,,mn_fatlist6,6
1417,,3,83,mn_fatlist,TOPTAN SATIŞ FATURASI,,True,,,,,,,,,,mn_fatlist7,7
1418,,3,83,mn_fatlist,PERAKENDE SATIŞ FATURASI,,True,,,,,,,,,,mn_fatlist8,8
1419,,3,83,mn_fatlist,ALIŞTAN IADE FATURASI,,True,,,,,,,,,,mn_fatlist9,9
1420,,3,83,mn_fatlist,SATIŞTAN IADE FATURASI,,True,,,,,,,,,,mn_fatlist10,10
1421,,2,9,,Vade Farkı Listesi,,True,,,,,,,,,,VadeFarkListesi1,
1422,,2,84,cxButton8,Alacak Fiş Koçan,,True,,,,,,,,,,AlacakFiKoan1,
1423,,2,84,cxButton3,Cariye Fiş Aktar (Toplu),,True,,,,,,,,,,CariyeFiAktar1,
1424,,2,84,cxButton1,Fiş Aktar (Tek - Tek),,True,,,,,,,,,,FiAktarTekTek1,
1425,,2,84,cxButton5,Faturala,,True,,,,,,,,,,Faturala1,
1426,,2,84,cxButton6,Yeni Fiyat Uygula,,True,,,,,,,,,,YeniFiyatUygula1,
1427,,2,84,cxButton7,Fişlere Vade Uygula,,True,,,,,,,,,,FilereVadeUygula1,
1428,,2,84,AktarlmFiiGeriAl1,Aktarılmış Fişi Geri Al,,True,,,,,,,,,,,
1430,,2,84,Bilgincele1,Bilgi İncele,,True,,,,,,,,,,,
1431,,2,84,FiCariDeitir1,Fiş Cari Değiştir,,True,,,,,,,,,,,
1432,,2,84,SeiliFiiYazdr1,Seçili Fişi Yazdır,,True,,,,,,,,,,,
1433,,2,84,PlakaMiktarRaporu1,Plaka Miktar Raporu,,True,,,,,,,,,,,
1434,,2,84,PlakaTarihFino1,Plaka Tarih Raporu,,True,,,,,,,,,,,
1435,,2,84,SrcMiktarRaporu1,Sürücü Miktar Raporu,,True,,,,,,,,,,,
1436,,2,84,PlakaKmRaporu1,Plaka Km Raporu,,True,,,,,,,,,,,
1437,,2,84,KaytSil1,Kayıt Sil,,True,,,,,,,,,,,
1438,,2,84,Silinmi1,Silinmiş Kayıtları Göster,,True,,,,,,,,,,,
1439,,2,86,cxButton4,Yeni Fiş,,True,,,,,,,,,,VeresiyeFiGirii1,
1440,,2,87,cxButton4,Yeni Fiş,,True,,,,,,,,,,VeresiyeFiGirii1,
1441,,2,86,cxButton3,Cariye Fiş Aktar (Toplu),,True,,,,,,,,,,CariyeFiAktar1,
1442,,2,86,cxButton1,Fiş Aktar (Tek - Tek),,True,,,,,,,,,,FiAktarTekTek1,
1443,,2,86,cxButton5,Faturala,,True,,,,,,,,,,Faturala1,
1444,,2,86,SeiliFiiAktar1,Seçili Fişi Aktar,,True,,,,,,,,,,,
1445,,2,87,cxButton3,Cariye Fiş Aktar (Toplu),,True,,,,,,,,,,CariyeFiAktar1,
1446,,2,86,AktarlmFiiGeriAl1,Aktarılmış Fişi Geri Al,,True,,,,,,,,,,,
1447,,2,86,BilgiDeitir1,Bilgi Değiştir,,True,,,,,,,,,,,
1448,,2,86,Bilgincele1,Bilgi İncele,,True,,,,,,,,,,,
1449,,2,86,FiCariDeitir1,Fiş Cari Değiştir,,True,,,,,,,,,,,
1450,,2,86,SeiliFiiYazdr1,Seçili Fişi Yazdır,,True,,,,,,,,,,,
1451,,2,87,cxButton1,Fiş Aktar (Tek - Tek),,True,,,,,,,,,,FiAktarTekTek1,
1452,,2,87,cxButton5,Faturala,,True,,,,,,,,,,Faturala1,
1453,,2,87,SeiliFiiAktar1,Seçili Fişi Aktar,,True,,,,,,,,,,,
1454,,2,87,AktarlmFiiGeriAl1,Aktarılmış Fişi Geri Al,,True,,,,,,,,,,,
1455,,2,86,KaytSil1,Kayıt Sil,,True,,,,,,,,,,,
1456,,2,86,Silinmi1,Silinmiş Kayıtları Göster,,True,,,,,,,,,,,
1457,,2,87,BilgiDeitir1,Bilgi Değiştir,,True,,,,,,,,,,,
1458,,2,87,Bilgincele1,Bilgi İncele,,True,,,,,,,,,,,
1459,,2,87,FiCariDeitir1,Fiş Cari Değiştir,,True,,,,,,,,,,,
1460,,2,87,SeiliFiiYazdr1,Seçili Fişi Yazdır,,True,,,,,,,,,,,
1461,,2,87,KaytSil1,Kayıt Sil,,True,,,,,,,,,,,
1462,,2,87,Silinmi1,Silinmiş Kayıtları Göster,,True,,,,,,,,,,,
1463,,5,31,SatListesi1,Satış Listesi,,True,,,,,,,,,,,
1464,0,11,75,mn_fisislem,PROMOSYON SATIŞ FİŞİ,,True,,,,,,,,,H,mn_fisislem36,36
1465,0,11,75,mn_fisislem,PROMOSYON TESLİMAT FİŞİ,,True,,,,,,,,,H,mn_fisislem37,37
1466,0,10,73,cxButton1,Harici Giriş,,True,,,,,,,,,H,,
1467,,2,84,cxButton4,Yeni Fiş,,True,,,,,,,,,,VeresiyeFiGirii1,
1468,,5,31,cxButton5,Veresiye Fiş,,True,,,,,,,,,,,
1469,,5,31,acik_fazla_goster,Kapanış Göster,,True,,,,,,,,,,,
1470,,4,91,cxButton9,Nakit İşlemleri,,True,,,,,,,,,,deme1,
1471,,4,91,cxButton3,Mahsup Girişi,,True,,,,,,,,,,MahsupGirii1,
1472,,4,91,cxButton2,Çek - Senet,,True,,,,,,,,,,ekSenet1,
1473,,4,91,cxButton5,Banka İşlemleri,,True,,,,,,,,,,BankaCarilem1,
1474,,4,91,BilgiDeitir1,Bilgi Değiştir,,True,,,,,,,,,,,
1475,,4,91,Bilgincele1,Bilgi İncele,,True,,,,,,,,,,,
1476,,4,91,KaytSil1,Kayıt Sil,,True,,,,,,,,,,,
1477,,4,91,Vardi1,Silinmiş Kayıtları Göster,,True,,,,,,,,,,,
1478,,15,92,butyenvar,Yeni Vardiya,,True,,,,,,,,,,YeniVardiya,
1479,,15,92,Vardiyaacbilgi,Vardiya Açılış Bilgileri,,True,,,,,,,,,,,
1480,,15,92,btnsathrk,Satış Hareketleri,,True,,,,,,,,,,mnsatishrk,
1481,,15,92,btnnaktes,Nakit Teslimat,,True,,,,,,,,,,mnnaktes,
1482,,15,92,btnpos,Pos Satışları,,True,,,,,,,,,,mnPos,
1483,,15,92,btnvadikapat,Vardiya Kapat,,True,,,,,,,,,,mnVardiyakapat,
1484,,15,92,varraporbtn,Vardiya Raporu,,True,,,,,,,,,,,
1485,,15,92,mnVardiyaGer,Vardiya Geri Al,,True,,,,,,,,,,,
1486,,15,92,mnVardiyaSil,Vardiya Sil,,True,,,,,,,,,,,
1487,,15,92,VardiSilGos,Silinmiş Vardiyaları Göster,,,,,,,,,,,,,
1488,,15,92,cxgrid,Liste Başlık Ayarı,,True,,,,,,,,,,,
1489,,15,92,acik_fazla_goster,Açık Fazla Göster,,True,,,,,,,,,,,
1490,0,3,83,mn_fatlist,DİSTİRİBİTOR SATIŞ FATURA,,True,,,,,,,,,,mn_fatlist38,38
1491,,5,31,PosCariSecim,Pos Cari Seçim,,True,,,,,,,,,,,
1492,,4,4,PosCariSecim,Pos Cari Seçim,,True,,,,,,,,,,,
1493,,6,34,PosCariSecim,Pos Cari Seçim,,True,,,,,,,,,,,
1494,,6,37,PosCariSecim,Pos Cari Seçim,,True,,,,,,,,,,,
1495,0,,,,VERESIYE FİŞİ,,True,,,,,,,,,,,11
1496,0,,,,ALACAK FİŞİ,,True,,,,,,,,,,,12
1497,0,,,,TOPTAN SATIŞ FİŞİ,,True,,,,,,,,,,,35
1498,0,,,,TTS SATIŞ FİŞİ,,True,,,,,,,,,,,39
1499,,4,93,cxButton1,Pos Giriş,,True,,,,,,,,,,PosGirii1,
1500,,4,93,butbildeg,Bilgi Değiştir,,True,,,,,,,,,,BilgiDeitir1,
1501,,4,93,Bilgincele1,Bilgi İncele,,True,,,,,,,,,,,
1502,,4,93,SlipBirletir1,Bölünmüş Slipleri Birleştir,,True,,,,,,,,,,,
1503,,4,93,KaytSil1,Kayıt Sil,,True,,,,,,,,,,,
1504,,4,93,Vardi1,Silinmiş Kayıtları Göster,,True,,,,,,,,,,,
1505,,5,94,cxButton15,Satış / İade,,True,,,,,,,,,,YeniVardiya1,
1506,,5,94,bildegbtn,Bilgi Değiştir,,True,,,,,,,,,,VardiyaKapat1,
1507,,5,94,VaridyaGeriAl1,Satış Sil,,True,,,,,,,,,,,
1508,,5,94,SilinmiKaytlarGeriAl1,Satışı Geri Al,,True,,,,,,,,,,,
1509,,5,94,Vardi1,Silinmiş Satışları Göster,,True,,,,,,,,,,,
1510,,5,94,OklenmemiSatlar1,Askıda Kalan Satışlar,,True,,,,,,,,,,,
1511,,4,95,fiyat_gun,Fiyatları Güncelle,,True,,,,,,,,,,,
1512,,4,96,cxButton1,Teslimat Girişi,,True,,,,,,,,,,eslimatGirii1,
1513,,4,96,cxButton2,Bilgi Değiştir,,True,,,,,,,,,,BilgiDeitir1,
1514,,4,96,Bilgincele1,Bilgi İncele,,True,,,,,,,,,,,
1515,,4,97,cxButton1,Yağ Emita Giriş,,True,,,,,,,,,,YaSatGirii1,
1516,,4,97,cxButton2,Bilgi Değiştir,,True,,,,,,,,,,BilgiDeitir1,
1517,,4,97,Bilgincele1,Bilgi İncele,,True,,,,,,,,,,,
1518,,4,96,KaytSil1,Kayıt Sil,,True,,,,,,,,,,,
1519,,4,97,KaytSil1,Kayıt Sil,,True,,,,,,,,,,,
1520,,5,32,cxButton3,Son Satış,,True,,,,,,,,,,,
1521,,7,110,mn_rappertarih,Tarih Kriterli Cari Raporu,,True,,,,,,,,,,,
1522,,7,110,mn_rapperaylik,Aylık İşlem Raporu,,True,,,,,,,,,,,
1523,,2,6,BarkodDegistir,Barkod Değiştir,,True,,,,,,,,,,,
1524,,2,6,DurumDegistir,Durum Değiştir,,True,,,,,,,,,,,
1525,,5,31,MnZraporOlustur,Z Raporu Oluştur,,True,,,,,,,,,,,
1526,,2,111,cxTabSheet1,&1 : Genel Bilgiler,,True,,,,,,,,,,,
1527,,2,111,cxTabSheet4,&2 : Adres,,True,,,,,,,,,,,
1528,,2,111,cxTabSheet3,&3 : Otomasyon - Plaka,,True,,,,,,,,,,,
1529,,2,111,cxTabSheet2,&4 : Çalışma Şartları,,True,,,,,,,,,,,
1530,,2,111,cxTabSheet5,&5 : Teminatlar,,True,,,,,,,,,,,
1531,,2,111,cxTabSheet6,&6 : Not - Hatırlatma,,True,,,,,,,,,,,
1532,,2,111,cxTabSheet7,Web Yetki,,True,,,,,,,,,,,
1533,,7,39,mn_raptankdurum,Tank Durum Raporu,,True,,,,,,,,,,,
1534,,7,39,mn_rapfiyatdegisim,Fiyat Değişim Raporu,,True,,,,,,,,,,,
1535,,7,39,mn_rapgunlukortalama,Günlük Ortalama Satış Raporu,,True,,,,,,,,,,,
1536,,7,40,mn_rapcariaylik_ba,Cari Aylık B / A Raporu,,True,,,,,,,,,,,
1537,,7,40,mn_rapcarislem,Cari İşlem Raporu,,True,,,,,,,,,,,
1538,,7,40,mn_rapcarikmrap,Cari Fiş Km Raporu,,True,,,,,,,,,,,
1539,,7,40,mn_rapcarfisstokgrup,Cari Fiş Stok Grup Raporu,,True,,,,,,,,,,,
1540,,7,40,mn_rapcarmailrapor,Cari Mail Raporu,,True,,,,,,,,,,,
1541,,7,40,mn_rapcarfissatis,Cari Fiş Satış Raporu,,True,,,,,,,,,,,
1542,,7,40,mn_rapcarsatisodeme,Satış Ödeme Analiz Raporu,,True,,,,,,,,,,,
1543,,7,40,mn_rappersatis,Personel Satış Raporu,,True,,,,,,,,,,,
1544,,7,40,mn_rapcarrisklimit,Cari Risk Limit,,True,,,,,,,,,,,
1545,,7,40,mn_rapcarrisk,Cari Risk Raporu,,True,,,,,,,,,,,
1546,,7,41,mn_rapkdvdrmgrup,KDV Durum Grup Raporu,,True,,,,,,,,,,,
1547,,7,41,mn_rapfatstok,Stok Durum Raporu,,True,,,,,,,,,,,
1548,,7,41,mn_rapadettutar,Adet - Tutar Kriter Raporu,,True,,,,,,,,,,,
1549,,7,41,mn_rapperiotfatstok,Periyotlu Fatura Stok Raporu,,True,,,,,,,,,,,
1550,,7,41,mn_rapfatkontrol,Fatura Kontrol,,True,,,,,,,,,,,
1551,,7,43,mn_rapgelgidhrk,Gelir-Gider Hareket Dökümü,,True,,,,,,,,,,,
1552,,7,46,mn_rapvarzrapor,Vardiya Zrapor Karşılaştırma Raporu,,True,,,,,,,,,,,
1553,,7,112,mn_gunlukrap,Günlük Rapor,,True,,,,,,,,,,,
1554,,7,112,rap_genrapor,Genel Rapor,,True,,,,,,,,,,,
1555,,7,112,rap_gunislembodro,Günlük İşlem Bordrosu,,True,,,,,,,,,,,
1556,,7,112,rap_genrapor2,Genel Rapor 2,,True,,,,,,,,,,,
1557,,7,112,mn_rapsatdag,Satış Dağılım Raporu,,True,,,,,,,,,,,
1558,,7,112,mn_rapalissatiskon,Alış-Satış Konsolide,,True,,,,,,,,,,,
1559,,7,112,mn_rapgelirtablo,Gelir Tablosu,,True,,,,,,,,,,,
1560,,7,112,mn_rapbilanco,Bilanço Raporu,,True,,,,,,,,,,,
1561,,7,112,mn_rapmizan,Mizan Raporu,,True,,,,,,,,,,,
1562,,7,112,mn_rapkarzarar,Kar - Zarar Raporu,,True,,,,,,,,,,,
1563,,7,112,mn_rapborcyaslandirma,Borç Yaşlandırma,,True,,,,,,,,,,,
1564,,7,113,mn_rappomvargrafik,P.Vardiya Satış Grafikleri,,True,,,,,,,,,,,
1565,,7,40,mn_rapcardonemsel,Cari DÃ¶nemsel Rapor,,True,,,,,,,,,,,
1566,,2,6,depotransfer_btn,Depo Transfer,,True,,,,,,,,,,,
1573,,2,14,PosCariSecim,Pos Cari Seçim,,True,,,,,,,,,,,
1574,,3,24,EFaturaKilitleKilit,EFatura Kilitle Kilit Aç,,True,,,,,,,,,,EFaturaKilitleKilit,
1575,,3,24,KilitleKilitAc,Kilitle / Kilit Aç,,True,,,,,,,,,,KilitleKilitAc,
1576,,4,127,btn_carikart,Yeni Cari,,True,,,,,,,,,,,
1577,,3,27,Cari1,Fiş Cari Değiştir,,True,,,,,,,,,,,
1578,,7,46,mn_rapmarvarsatissilinen,Market Vardiya Silinen Satış Raporu,,True,,,,,,,,,,,
1567,0,3,83,mn_fatlist,TEVKIFATLI ALIŞ FATURASI,,True,,,,,,,,,,mn_fatlist40,40
1568,0,3,83,mn_fatlist,TEVKIFATLI SATIŞ FATURASI,,True,,,,,,,,,,mn_fatlist41,41
1569,0,,,,VERESIYE FİŞİ,,True,,,,,,,,,,,11
1570,0,,,,ALACAK FİŞİ,,True,,,,,,,,,,,12
1571,0,,,,TOPTAN SATIŞ FİŞİ,,True,,,,,,,,,,,35
1572,0,,,,TTS SATIŞ FİŞİ,,True,,,,,,,,,,,39
